Mar,12,00:33,/home/corgi/.vim/.netrwhist,
Mar,12,00:47,/home/corgi/.xsession-errors,
Mar,11,23:57,/home/corgi/.cache/chromium/Default/Code\,
Mar,11,23:57,/home/corgi/.cache/chromium/Default/Code\,
Mar,11,23:57,/home/corgi/.cache/chromium/Default/Code\,
Mar,11,23:52,/home/corgi/.cache/chromium/Default/Code\,
Mar,11,23:59,/home/corgi/.cache/chromium/Default/Code\,
Mar,11,23:59,/home/corgi/.cache/chromium/Default/Code\,
Mar,12,00:20,/home/corgi/.cache/chromium/Default/Code\,
Mar,11,23:54,/home/corgi/.cache/chromium/Default/Code\,
Mar,12,00:46,/home/corgi/.cache/chromium/Default/Code\,
Mar,12,00:20,/home/corgi/.cache/chromium/Default/Code\,
Mar,12,00:19,/home/corgi/.cache/chromium/Default/Code\,
Mar,12,00:21,/home/corgi/.cache/chromium/Default/Code\,
Mar,12,00:20,/home/corgi/.cache/chromium/Default/Code\,
Mar,11,23:58,/home/corgi/.cache/chromium/Default/Code\,
Mar,11,23:56,/home/corgi/.cache/chromium/Default/Code\,
Mar,12,00:46,/home/corgi/.cache/chromium/Default/Code\,
Mar,12,00:19,/home/corgi/.cache/chromium/Default/Code\,
Mar,12,00:16,/home/corgi/.cache/chromium/Default/Code\,
Mar,11,23:52,/home/corgi/.cache/chromium/Default/Code\,
Mar,11,23:52,/home/corgi/.cache/chromium/Default/Code\,
Mar,12,00:23,/home/corgi/.cache/chromium/Default/Code\,
Mar,11,23:58,/home/corgi/.cache/chromium/Default/Code\,
Mar,12,00:20,/home/corgi/.cache/chromium/Default/Code\,
Mar,11,23:52,/home/corgi/.cache/chromium/Default/Code\,
Mar,11,23:48,/home/corgi/.cache/chromium/Default/Code\,
Mar,12,00:19,/home/corgi/.cache/chromium/Default/Code\,
Mar,12,00:19,/home/corgi/.cache/chromium/Default/Code\,
Mar,12,00:20,/home/corgi/.cache/chromium/Default/Code\,
Mar,11,23:59,/home/corgi/.cache/chromium/Default/Code\,
Mar,11,23:57,/home/corgi/.cache/chromium/Default/Code\,
Mar,12,00:46,/home/corgi/.cache/chromium/Default/Code\,
Mar,11,23:59,/home/corgi/.cache/chromium/Default/Code\,
Mar,12,00:20,/home/corgi/.cache/chromium/Default/Code\,
Mar,11,23:59,/home/corgi/.cache/chromium/Default/Code\,
Mar,11,23:56,/home/corgi/.cache/chromium/Default/Code\,
Mar,12,00:21,/home/corgi/.cache/chromium/Default/Code\,
Mar,12,00:20,/home/corgi/.cache/chromium/Default/Code\,
Mar,12,00:20,/home/corgi/.cache/chromium/Default/Code\,
Mar,12,00:21,/home/corgi/.cache/chromium/Default/Code\,
Mar,11,23:58,/home/corgi/.cache/chromium/Default/Code\,
Mar,11,23:59,/home/corgi/.cache/chromium/Default/Code\,
Mar,11,23:56,/home/corgi/.cache/chromium/Default/Code\,
Mar,12,00:28,/home/corgi/.cache/chromium/Default/Code\,
Mar,12,00:21,/home/corgi/.cache/chromium/Default/Code\,
Mar,12,00:21,/home/corgi/.cache/chromium/Default/Code\,
Mar,12,00:19,/home/corgi/.cache/chromium/Default/Code\,
Mar,11,23:57,/home/corgi/.cache/chromium/Default/Code\,
Mar,12,00:21,/home/corgi/.cache/chromium/Default/Code\,
Mar,11,23:51,/home/corgi/.cache/chromium/Default/Code\,
Mar,11,23:56,/home/corgi/.cache/chromium/Default/Code\,
Mar,12,00:20,/home/corgi/.cache/chromium/Default/Code\,
Mar,11,23:53,/home/corgi/.cache/chromium/Default/Code\,
Mar,11,23:52,/home/corgi/.cache/chromium/Default/Code\,
Mar,12,00:20,/home/corgi/.cache/chromium/Default/Code\,
Mar,12,00:21,/home/corgi/.cache/chromium/Default/Code\,
Mar,11,23:54,/home/corgi/.cache/chromium/Default/Code\,
Mar,12,00:20,/home/corgi/.cache/chromium/Default/Code\,
Mar,11,23:57,/home/corgi/.cache/chromium/Default/Code\,
Mar,11,23:56,/home/corgi/.cache/chromium/Default/Code\,
Mar,12,00:20,/home/corgi/.cache/chromium/Default/Code\,
Mar,12,00:19,/home/corgi/.cache/chromium/Default/Code\,
Mar,11,23:58,/home/corgi/.cache/chromium/Default/Code\,
Mar,12,00:19,/home/corgi/.cache/chromium/Default/Code\,
Mar,12,00:21,/home/corgi/.cache/chromium/Default/Code\,
Mar,11,23:52,/home/corgi/.cache/chromium/Default/Code\,
Mar,12,00:16,/home/corgi/.cache/chromium/Default/Code\,
Mar,12,00:21,/home/corgi/.cache/chromium/Default/Code\,
Mar,12,00:19,/home/corgi/.cache/chromium/Default/Code\,
Mar,11,23:51,/home/corgi/.cache/chromium/Default/Code\,
Mar,11,23:53,/home/corgi/.cache/chromium/Default/Code\,
Mar,11,23:52,/home/corgi/.cache/chromium/Default/Code\,
Mar,11,23:56,/home/corgi/.cache/chromium/Default/Code\,
Mar,11,23:55,/home/corgi/.cache/chromium/Default/Code\,
Mar,11,23:56,/home/corgi/.cache/chromium/Default/Code\,
Mar,11,23:52,/home/corgi/.cache/chromium/Default/Code\,
Mar,12,00:23,/home/corgi/.cache/chromium/Default/Code\,
Mar,12,00:23,/home/corgi/.cache/chromium/Default/Code\,
Mar,12,00:46,/home/corgi/.cache/chromium/Default/Code\,
Mar,12,00:19,/home/corgi/.cache/chromium/Default/Code\,
Mar,12,00:20,/home/corgi/.cache/chromium/Default/Code\,
Mar,12,00:21,/home/corgi/.cache/chromium/Default/Code\,
Mar,11,23:58,/home/corgi/.cache/chromium/Default/Code\,
Mar,12,00:21,/home/corgi/.cache/chromium/Default/Code\,
Mar,12,00:20,/home/corgi/.cache/chromium/Default/Code\,
Mar,12,00:19,/home/corgi/.cache/chromium/Default/Code\,
Mar,12,00:20,/home/corgi/.cache/chromium/Default/Code\,
Mar,11,23:52,/home/corgi/.cache/chromium/Default/Code\,
Mar,12,00:20,/home/corgi/.cache/chromium/Default/Code\,
Mar,12,00:21,/home/corgi/.cache/chromium/Default/Code\,
Mar,12,00:21,/home/corgi/.cache/chromium/Default/Code\,
Mar,12,00:16,/home/corgi/.cache/chromium/Default/Code\,
Mar,12,00:20,/home/corgi/.cache/chromium/Default/Code\,
Mar,11,23:52,/home/corgi/.cache/chromium/Default/Code\,
Mar,12,00:16,/home/corgi/.cache/chromium/Default/Code\,
Mar,12,00:21,/home/corgi/.cache/chromium/Default/Code\,
Mar,12,00:20,/home/corgi/.cache/chromium/Default/Code\,
Mar,12,00:16,/home/corgi/.cache/chromium/Default/Code\,
Mar,11,23:48,/home/corgi/.cache/chromium/Default/Code\,
Mar,12,00:21,/home/corgi/.cache/chromium/Default/Code\,
Mar,11,23:51,/home/corgi/.cache/chromium/Default/Code\,
Mar,12,00:16,/home/corgi/.cache/chromium/Default/Code\,
Mar,12,00:21,/home/corgi/.cache/chromium/Default/Code\,
Mar,12,00:20,/home/corgi/.cache/chromium/Default/Code\,
Mar,11,23:59,/home/corgi/.cache/chromium/Default/Code\,
Mar,12,00:20,/home/corgi/.cache/chromium/Default/Code\,
Mar,12,00:21,/home/corgi/.cache/chromium/Default/Code\,
Mar,12,00:23,/home/corgi/.cache/chromium/Default/Code\,
Mar,11,23:52,/home/corgi/.cache/chromium/Default/Code\,
Mar,11,23:52,/home/corgi/.cache/chromium/Default/Code\,
Mar,11,23:52,/home/corgi/.cache/chromium/Default/Code\,
Mar,11,23:52,/home/corgi/.cache/chromium/Default/Code\,
Mar,11,23:52,/home/corgi/.cache/chromium/Default/Code\,
Mar,12,00:21,/home/corgi/.cache/chromium/Default/Code\,
Mar,12,00:16,/home/corgi/.cache/chromium/Default/Code\,
Mar,12,00:23,/home/corgi/.cache/chromium/Default/Code\,
Mar,12,00:46,/home/corgi/.cache/chromium/Default/Code\,
Mar,12,00:23,/home/corgi/.cache/chromium/Default/Code\,
Mar,12,00:19,/home/corgi/.cache/chromium/Default/Code\,
Mar,12,00:20,/home/corgi/.cache/chromium/Default/Code\,
Mar,11,23:52,/home/corgi/.cache/chromium/Default/Code\,
Mar,12,00:23,/home/corgi/.cache/chromium/Default/Code\,
Mar,11,23:58,/home/corgi/.cache/chromium/Default/Code\,
Mar,11,23:56,/home/corgi/.cache/chromium/Default/Code\,
Mar,12,00:23,/home/corgi/.cache/chromium/Default/Code\,
Mar,12,00:21,/home/corgi/.cache/chromium/Default/Code\,
Mar,12,00:19,/home/corgi/.cache/chromium/Default/Code\,
Mar,11,23:52,/home/corgi/.cache/chromium/Default/Code\,
Mar,12,00:21,/home/corgi/.cache/chromium/Default/Code\,
Mar,12,00:16,/home/corgi/.cache/chromium/Default/Code\,
Mar,11,23:52,/home/corgi/.cache/chromium/Default/Code\,
Mar,12,00:20,/home/corgi/.cache/chromium/Default/Code\,
Mar,11,23:52,/home/corgi/.cache/chromium/Default/Code\,
Mar,12,00:21,/home/corgi/.cache/chromium/Default/Code\,
Mar,11,23:53,/home/corgi/.cache/chromium/Default/Code\,
Mar,11,23:59,/home/corgi/.cache/chromium/Default/Code\,
Mar,12,00:23,/home/corgi/.cache/chromium/Default/Code\,
Mar,12,00:16,/home/corgi/.cache/chromium/Default/Code\,
Mar,11,23:52,/home/corgi/.cache/chromium/Default/Code\,
Mar,12,00:20,/home/corgi/.cache/chromium/Default/Code\,
Mar,11,23:57,/home/corgi/.cache/chromium/Default/Code\,
Mar,12,00:19,/home/corgi/.cache/chromium/Default/Code\,
Mar,12,00:21,/home/corgi/.cache/chromium/Default/Code\,
Mar,12,00:23,/home/corgi/.cache/chromium/Default/Code\,
Mar,12,00:16,/home/corgi/.cache/chromium/Default/Code\,
Mar,12,00:20,/home/corgi/.cache/chromium/Default/Code\,
Mar,12,00:19,/home/corgi/.cache/chromium/Default/Code\,
Mar,12,00:16,/home/corgi/.cache/chromium/Default/Code\,
Mar,12,00:21,/home/corgi/.cache/chromium/Default/Code\,
Mar,12,00:23,/home/corgi/.cache/chromium/Default/Code\,
Mar,12,00:20,/home/corgi/.cache/chromium/Default/Code\,
Mar,12,00:20,/home/corgi/.cache/chromium/Default/Code\,
Mar,11,23:58,/home/corgi/.cache/chromium/Default/Code\,
Mar,12,00:16,/home/corgi/.cache/chromium/Default/Code\,
Mar,12,00:19,/home/corgi/.cache/chromium/Default/Code\,
Mar,11,23:52,/home/corgi/.cache/chromium/Default/Code\,
Mar,12,00:19,/home/corgi/.cache/chromium/Default/Code\,
Mar,11,23:52,/home/corgi/.cache/chromium/Default/Code\,
Mar,11,23:58,/home/corgi/.cache/chromium/Default/Code\,
Mar,12,00:20,/home/corgi/.cache/chromium/Default/Code\,
Mar,11,23:56,/home/corgi/.cache/chromium/Default/Code\,
Mar,12,00:20,/home/corgi/.cache/chromium/Default/Code\,
Mar,11,23:52,/home/corgi/.cache/chromium/Default/Code\,
Mar,11,23:56,/home/corgi/.cache/chromium/Default/Code\,
Mar,11,23:52,/home/corgi/.cache/chromium/Default/Code\,
Mar,11,23:53,/home/corgi/.cache/chromium/Default/Code\,
Mar,12,00:21,/home/corgi/.cache/chromium/Default/Code\,
Mar,12,00:21,/home/corgi/.cache/chromium/Default/Code\,
Mar,12,00:21,/home/corgi/.cache/chromium/Default/Code\,
Mar,11,23:58,/home/corgi/.cache/chromium/Default/Code\,
Mar,12,00:20,/home/corgi/.cache/chromium/Default/Code\,
Mar,12,00:16,/home/corgi/.cache/chromium/Default/Code\,
Mar,11,23:52,/home/corgi/.cache/chromium/Default/Code\,
Mar,12,00:21,/home/corgi/.cache/chromium/Default/Code\,
Mar,11,23:52,/home/corgi/.cache/chromium/Default/Code\,
Mar,12,00:19,/home/corgi/.cache/chromium/Default/Code\,
Mar,11,23:56,/home/corgi/.cache/chromium/Default/Code\,
Mar,12,00:21,/home/corgi/.cache/chromium/Default/Code\,
Mar,12,00:19,/home/corgi/.cache/chromium/Default/Code\,
Mar,11,23:58,/home/corgi/.cache/chromium/Default/Code\,
Mar,12,00:19,/home/corgi/.cache/chromium/Default/Code\,
Mar,12,00:19,/home/corgi/.cache/chromium/Default/Code\,
Mar,12,00:16,/home/corgi/.cache/chromium/Default/Code\,
Mar,12,00:16,/home/corgi/.cache/chromium/Default/Code\,
Mar,12,00:20,/home/corgi/.cache/chromium/Default/Code\,
Mar,11,23:52,/home/corgi/.cache/chromium/Default/Code\,
Mar,12,00:19,/home/corgi/.cache/chromium/Default/Code\,
Mar,11,23:52,/home/corgi/.cache/chromium/Default/Code\,
Mar,12,00:46,/home/corgi/.cache/chromium/Default/Code\,
Mar,12,00:16,/home/corgi/.cache/chromium/Default/Code\,
Mar,11,23:52,/home/corgi/.cache/chromium/Default/Code\,
Mar,11,23:59,/home/corgi/.cache/chromium/Default/Code\,
Mar,12,00:16,/home/corgi/.cache/chromium/Default/Code\,
Mar,12,00:21,/home/corgi/.cache/chromium/Default/Code\,
Mar,12,00:20,/home/corgi/.cache/chromium/Default/Code\,
Mar,12,00:20,/home/corgi/.cache/chromium/Default/Code\,
Mar,12,00:20,/home/corgi/.cache/chromium/Default/Code\,
Mar,12,00:46,/home/corgi/.cache/chromium/Default/Code\,
Mar,12,00:21,/home/corgi/.cache/chromium/Default/Code\,
Mar,12,00:19,/home/corgi/.cache/chromium/Default/Code\,
Mar,12,00:19,/home/corgi/.cache/chromium/Default/Code\,
Mar,12,00:20,/home/corgi/.cache/chromium/Default/Code\,
Mar,11,23:58,/home/corgi/.cache/chromium/Default/Code\,
Mar,12,00:19,/home/corgi/.cache/chromium/Default/Code\,
Mar,12,00:19,/home/corgi/.cache/chromium/Default/Code\,
Mar,11,23:53,/home/corgi/.cache/chromium/Default/Code\,
Mar,12,00:19,/home/corgi/.cache/chromium/Default/Code\,
Mar,12,00:19,/home/corgi/.cache/chromium/Default/Code\,
Mar,11,23:56,/home/corgi/.cache/chromium/Default/Code\,
Mar,11,23:51,/home/corgi/.cache/chromium/Default/Code\,
Mar,11,23:59,/home/corgi/.cache/chromium/Default/Code\,
Mar,12,00:21,/home/corgi/.cache/chromium/Default/Code\,
Mar,12,00:20,/home/corgi/.cache/chromium/Default/Code\,
Mar,11,23:57,/home/corgi/.cache/chromium/Default/Code\,
Mar,12,00:46,/home/corgi/.cache/chromium/Default/Cache/Cache_Data/1d46e0f38b2deb62_0,
Mar,12,00:19,/home/corgi/.cache/chromium/Default/Cache/Cache_Data/47ae81aa45d09460_0,
Mar,11,23:52,/home/corgi/.cache/chromium/Default/Cache/Cache_Data/2d8376216d594e6a_0,
Mar,12,00:16,/home/corgi/.cache/chromium/Default/Cache/Cache_Data/94ce5817f45edd7e_0,
Mar,11,23:48,/home/corgi/.cache/chromium/Default/Cache/Cache_Data/8bf2cc3d6004abb8_0,
Mar,12,00:46,/home/corgi/.cache/chromium/Default/Cache/Cache_Data/972d6dc813df7635_0,
Mar,11,23:52,/home/corgi/.cache/chromium/Default/Cache/Cache_Data/3a27bee0ca6b1932_0,
Mar,12,00:23,/home/corgi/.cache/chromium/Default/Cache/Cache_Data/79ef5aacd349c176_0,
Mar,12,00:21,/home/corgi/.cache/chromium/Default/Cache/Cache_Data/cdbb59e5d7d9b870_0,
Mar,12,00:21,/home/corgi/.cache/chromium/Default/Cache/Cache_Data/c9a008eb76de9f9b_0,
Mar,11,23:51,/home/corgi/.cache/chromium/Default/Cache/Cache_Data/7b96b2bd8aae0afc_0,
Mar,12,00:20,/home/corgi/.cache/chromium/Default/Cache/Cache_Data/ceff8b007645cdbb_0,
Mar,12,00:47,/home/corgi/.cache/chromium/Default/Cache/Cache_Data/index-dir/the-real-index,
Mar,11,23:51,/home/corgi/.cache/chromium/Default/Cache/Cache_Data/78aa2213de95638d_0,
Mar,11,23:52,/home/corgi/.cache/chromium/Default/Cache/Cache_Data/8aee1f4024e7b3b4_0,
Mar,12,00:46,/home/corgi/.cache/chromium/Default/Cache/Cache_Data/7c11854e8a0b9d3a_0,
Mar,11,23:52,/home/corgi/.cache/chromium/Default/Cache/Cache_Data/7cee07c87fd1bf2f_0,
Mar,11,23:52,/home/corgi/.cache/chromium/Default/Cache/Cache_Data/7e4317fff948564e_0,
Mar,12,00:20,/home/corgi/.cache/chromium/Default/Cache/Cache_Data/6f3f2da79a8767f6_0,
Mar,11,23:59,/home/corgi/.cache/chromium/Default/Cache/Cache_Data/4c74b99ad514b2f9_0,
Mar,12,00:19,/home/corgi/.cache/chromium/Default/Cache/Cache_Data/2013fcb91df10edd_0,
Mar,11,23:52,/home/corgi/.cache/chromium/Default/Cache/Cache_Data/581392a987ce522e_0,
Mar,11,23:48,/home/corgi/.cache/chromium/Default/Cache/Cache_Data/2b3d85b9839cf619_0,
Mar,12,00:12,/home/corgi/.cache/chromium/Default/Cache/Cache_Data/9affe5e818895d9f_0,
Mar,12,00:19,/home/corgi/.cache/chromium/Default/Cache/Cache_Data/762f0f3ee0531c9d_0,
Mar,11,23:57,/home/corgi/.cache/chromium/Default/Cache/Cache_Data/52b3e5976096fbee_0,
Mar,12,00:46,/home/corgi/.cache/chromium/Default/Cache/Cache_Data/93d81321f8c35eab_0,
Mar,12,00:23,/home/corgi/.cache/chromium/Default/Cache/Cache_Data/dea12b4828bc2f25_0,
Mar,12,00:19,/home/corgi/.cache/chromium/Default/Cache/Cache_Data/52349d72dfa6b357_0,
Mar,12,00:23,/home/corgi/.cache/chromium/Default/Cache/Cache_Data/8bb91e3c41f2a336_0,
Mar,11,23:52,/home/corgi/.cache/chromium/Default/Cache/Cache_Data/9d3475ece46b535b_0,
Mar,12,00:19,/home/corgi/.cache/chromium/Default/Cache/Cache_Data/9af8cfb8e5d28bb9_0,
Mar,11,23:52,/home/corgi/.cache/chromium/Default/Cache/Cache_Data/0834660078a39008_0,
Mar,11,23:52,/home/corgi/.cache/chromium/Default/Cache/Cache_Data/a7de4db4d73e46b6_0,
Mar,11,23:52,/home/corgi/.cache/chromium/Default/Cache/Cache_Data/72ff48eb651e63ed_0,
Mar,11,23:52,/home/corgi/.cache/chromium/Default/Cache/Cache_Data/e211de7c591c4c84_0,
Mar,12,00:21,/home/corgi/.cache/chromium/Default/Cache/Cache_Data/972854cca76f0ac5_0,
Mar,12,00:21,/home/corgi/.cache/chromium/Default/Cache/Cache_Data/7c6d374520beb038_0,
Mar,12,00:46,/home/corgi/.cache/chromium/Default/Cache/Cache_Data/c23f9ffa7d80bdc7_0,
Mar,12,00:21,/home/corgi/.cache/chromium/Default/Cache/Cache_Data/f6da350779d5e3e3_0,
Mar,12,00:16,/home/corgi/.cache/chromium/Default/Cache/Cache_Data/76d124f939e8c50c_0,
Mar,12,00:19,/home/corgi/.cache/chromium/Default/Cache/Cache_Data/38fd8728e413782d_0,
Mar,11,23:48,/home/corgi/.cache/chromium/Default/Cache/Cache_Data/2563e9d1593144e4_0,
Mar,11,23:52,/home/corgi/.cache/chromium/Default/Cache/Cache_Data/fde33c26ffb8a3f1_0,
Mar,12,00:19,/home/corgi/.cache/chromium/Default/Cache/Cache_Data/c3c75b6a75f77b2e_0,
Mar,12,00:19,/home/corgi/.cache/chromium/Default/Cache/Cache_Data/5f7163c0a8eb4b34_0,
Mar,12,00:20,/home/corgi/.cache/chromium/Default/Cache/Cache_Data/ab78624c06f2f0c7_0,
Mar,12,00:21,/home/corgi/.cache/chromium/Default/Cache/Cache_Data/61e573860430132f_0,
Mar,12,00:16,/home/corgi/.cache/chromium/Default/Cache/Cache_Data/9bd948877c68cae4_0,
Mar,11,23:51,/home/corgi/.cache/chromium/Default/Cache/Cache_Data/8a0259d77b62244c_0,
Mar,12,00:23,/home/corgi/.cache/chromium/Default/Cache/Cache_Data/1d61e400f171ec35_0,
Mar,12,00:16,/home/corgi/.cache/chromium/Default/Cache/Cache_Data/026716e7631c70f9_0,
Mar,12,00:23,/home/corgi/.cache/chromium/Default/Cache/Cache_Data/77c265824e2a1176_0,
Mar,11,23:52,/home/corgi/.cache/chromium/Default/Cache/Cache_Data/e50cd2315f54da51_0,
Mar,11,23:59,/home/corgi/.cache/chromium/Default/Cache/Cache_Data/d8b13cb7002c7f48_0,
Mar,11,23:57,/home/corgi/.cache/chromium/Default/Cache/Cache_Data/82bbaaac74a2a9dc_0,
Mar,12,00:21,/home/corgi/.cache/chromium/Default/Cache/Cache_Data/0910ccdb391696ff_0,
Mar,12,00:16,/home/corgi/.cache/chromium/Default/Cache/Cache_Data/986b80d00beda811_0,
Mar,12,00:21,/home/corgi/.cache/chromium/Default/Cache/Cache_Data/1b63ab6ea2349804_0,
Mar,11,23:52,/home/corgi/.cache/chromium/Default/Cache/Cache_Data/e2e382cd2e49ba64_0,
Mar,12,00:20,/home/corgi/.cache/chromium/Default/Cache/Cache_Data/75e60b56677e70ad_0,
Mar,12,00:21,/home/corgi/.cache/chromium/Default/Cache/Cache_Data/21843a5d05a6df3a_0,
Mar,12,00:20,/home/corgi/.cache/chromium/Default/Cache/Cache_Data/f6b172e8e16784df_0,
Mar,11,23:51,/home/corgi/.cache/chromium/Default/Cache/Cache_Data/ff5e03eb39bf25f8_0,
Mar,11,23:51,/home/corgi/.cache/chromium/Default/Cache/Cache_Data/be893c8067ed2b9f_0,
Mar,11,23:51,/home/corgi/.cache/chromium/Default/Cache/Cache_Data/33f96a29bdbb92a4_0,
Mar,12,00:21,/home/corgi/.cache/chromium/Default/Cache/Cache_Data/8dd7b720c8cdc551_0,
Mar,12,00:46,/home/corgi/.cache/chromium/Default/Cache/Cache_Data/df173d30d807e3d6_0,
Mar,11,23:52,/home/corgi/.cache/chromium/Default/Cache/Cache_Data/369a78d6c04dab33_0,
Mar,12,00:21,/home/corgi/.cache/chromium/Default/Cache/Cache_Data/3bbced195d33069b_0,
Mar,12,00:19,/home/corgi/.cache/chromium/Default/Cache/Cache_Data/bdf13320a633b438_0,
Mar,12,00:23,/home/corgi/.cache/chromium/Default/Cache/Cache_Data/01939b30d2113246_0,
Mar,11,23:52,/home/corgi/.cache/chromium/Default/Cache/Cache_Data/9dddd6ae6fd5d351_0,
Mar,12,00:21,/home/corgi/.cache/chromium/Default/Cache/Cache_Data/267b759de85068bf_0,
Mar,12,00:21,/home/corgi/.cache/chromium/Default/Cache/Cache_Data/0e9ee881fc536ebd_0,
Mar,11,23:57,/home/corgi/.cache/chromium/Default/Cache/Cache_Data/f53cbf17c1832e10_0,
Mar,12,00:46,/home/corgi/.cache/chromium/Default/Cache/Cache_Data/0cccacb57e3f88ce_0,
Mar,12,00:19,/home/corgi/.cache/chromium/Default/Cache/Cache_Data/acfc0c65edc56b35_0,
Mar,12,00:23,/home/corgi/.cache/chromium/Default/Cache/Cache_Data/ca4e9f87ac0f51c2_0,
Mar,12,00:19,/home/corgi/.cache/chromium/Default/Cache/Cache_Data/d9e953d0db0d4bcb_0,
Mar,11,23:59,/home/corgi/.cache/chromium/Default/Cache/Cache_Data/62f9d8b084b251fa_0,
Mar,12,00:21,/home/corgi/.cache/chromium/Default/Cache/Cache_Data/4e9a06cf272c12bb_0,
Mar,12,00:21,/home/corgi/.cache/chromium/Default/Cache/Cache_Data/3121133971314a34_0,
Mar,11,23:52,/home/corgi/.cache/chromium/Default/Cache/Cache_Data/f6b2a782579711a1_0,
Mar,11,23:52,/home/corgi/.cache/chromium/Default/Cache/Cache_Data/9d4ca6f24f6a0f3c_0,
Mar,12,00:23,/home/corgi/.cache/chromium/Default/Cache/Cache_Data/9ffa91d9118f6910_0,
Mar,12,00:21,/home/corgi/.cache/chromium/Default/Cache/Cache_Data/10d864f3079c909c_0,
Mar,11,23:52,/home/corgi/.cache/chromium/Default/Cache/Cache_Data/54b912f05e478515_0,
Mar,11,23:52,/home/corgi/.cache/chromium/Default/Cache/Cache_Data/36ffef5ba52f0cb8_0,
Mar,12,00:23,/home/corgi/.cache/chromium/Default/Cache/Cache_Data/3eeca834e6a20f15_0,
Mar,12,00:03,/home/corgi/.cache/chromium/Default/Cache/Cache_Data/85cfbce5bc3a32a1_0,
Mar,11,23:51,/home/corgi/.cache/chromium/Default/Cache/Cache_Data/80862546c2d79452_0,
Mar,12,00:21,/home/corgi/.cache/chromium/Default/Cache/Cache_Data/c51c453fccad8dbe_0,
Mar,12,00:19,/home/corgi/.cache/chromium/Default/Cache/Cache_Data/ab91b254cf48c8cf_0,
Mar,12,00:20,/home/corgi/.cache/chromium/Default/Cache/Cache_Data/f0f634e669f44958_0,
Mar,11,23:51,/home/corgi/.cache/chromium/Default/Cache/Cache_Data/2f0fe70fd36392ce_0,
Mar,12,00:19,/home/corgi/.cache/chromium/Default/Cache/Cache_Data/43713551fd6f459c_0,
Mar,12,00:46,/home/corgi/.cache/chromium/Default/Cache/Cache_Data/6cf02c635085f839_0,
Mar,12,00:16,/home/corgi/.cache/chromium/Default/Cache/Cache_Data/ac1dae822a76a95b_0,
Mar,12,00:16,/home/corgi/.cache/chromium/Default/Cache/Cache_Data/8fe6e16c099c8c5e_0,
Mar,12,00:16,/home/corgi/.cache/chromium/Default/Cache/Cache_Data/a28714b3ee731e8d_0,
Mar,11,23:56,/home/corgi/.cache/chromium/Default/Cache/Cache_Data/fdbc7111bfdb8a52_0,
Mar,12,00:19,/home/corgi/.cache/chromium/Default/Cache/Cache_Data/f2f284f5183aa340_0,
Mar,11,23:59,/home/corgi/.cache/chromium/Default/Cache/Cache_Data/bc31bd321ef0f8b2_0,
Mar,12,00:21,/home/corgi/.cache/chromium/Default/Cache/Cache_Data/4e8f71aa3fcb0cfa_0,
Mar,12,00:46,/home/corgi/.cache/chromium/Default/Cache/Cache_Data/64306002741d1c38_0,
Mar,12,00:20,/home/corgi/.cache/chromium/Default/Cache/Cache_Data/4952a192031e6223_0,
Mar,12,00:19,/home/corgi/.cache/chromium/Default/Cache/Cache_Data/9194ec9e52acb92c_0,
Mar,12,00:19,/home/corgi/.cache/chromium/Default/Cache/Cache_Data/a0b94e69b47f6bac_0,
Mar,12,00:19,/home/corgi/.cache/chromium/Default/Cache/Cache_Data/08862526cf2edc6e_0,
Mar,12,00:20,/home/corgi/.cache/chromium/Default/Cache/Cache_Data/c4c4557540862997_0,
Mar,11,23:51,/home/corgi/.cache/chromium/Default/Cache/Cache_Data/d7682e1f011fb89c_0,
Mar,11,23:52,/home/corgi/.cache/chromium/Default/Cache/Cache_Data/a06b5e9bd64d19ea_0,
Mar,12,00:21,/home/corgi/.cache/chromium/Default/Cache/Cache_Data/9f049eda5a3c1d52_0,
Mar,12,00:21,/home/corgi/.cache/chromium/Default/Cache/Cache_Data/43d62446aca5683d_0,
Mar,11,23:48,/home/corgi/.cache/chromium/Default/Cache/Cache_Data/2654aee7efe97286_0,
Mar,11,23:53,/home/corgi/.cache/chromium/Default/Cache/Cache_Data/f6088892425c5d64_0,
Mar,11,23:52,/home/corgi/.cache/chromium/Default/Cache/Cache_Data/f2e8da9f22e6e6d4_0,
Mar,12,00:21,/home/corgi/.cache/chromium/Default/Cache/Cache_Data/f35634fb8df1a173_0,
Mar,11,23:48,/home/corgi/.cache/chromium/Default/Cache/Cache_Data/d6ee48998008a145_0,
Mar,12,00:19,/home/corgi/.cache/chromium/Default/Cache/Cache_Data/c6dc4d7054d10fab_0,
Mar,12,00:19,/home/corgi/.cache/chromium/Default/Cache/Cache_Data/8f4459f8da75ab2d_0,
Mar,12,00:46,/home/corgi/.cache/chromium/Default/Cache/Cache_Data/72b4ec5ccffc2572_0,
Mar,12,00:19,/home/corgi/.cache/chromium/Default/Cache/Cache_Data/3d254b2ecc59d7ae_0,
Mar,12,00:46,/home/corgi/.cache/chromium/Default/Cache/Cache_Data/97e9294aae300e7f_0,
Mar,12,00:46,/home/corgi/.cache/chromium/Default/Cache/Cache_Data/29d1664913911d97_0,
Mar,12,00:23,/home/corgi/.cache/chromium/Default/Cache/Cache_Data/5072409fd1076d77_0,
Mar,11,23:52,/home/corgi/.cache/chromium/Default/Cache/Cache_Data/05ab3854ab82543e_0,
Mar,11,23:52,/home/corgi/.cache/chromium/Default/Cache/Cache_Data/cdf676bab8dd7abd_0,
Mar,12,00:21,/home/corgi/.cache/chromium/Default/Cache/Cache_Data/872aaf4380766dbf_0,
Mar,12,00:46,/home/corgi/.cache/chromium/Default/Cache/Cache_Data/1d2fa13145dbe7af_0,
Mar,12,00:22,/home/corgi/.cache/chromium/Default/Cache/Cache_Data/9c4f05ec4827aa1c_0,
Mar,12,00:23,/home/corgi/.cache/chromium/Default/Cache/Cache_Data/7025f84bb4dd77dd_0,
Mar,12,00:21,/home/corgi/.cache/chromium/Default/Cache/Cache_Data/c55abe5c20f8d245_0,
Mar,11,23:52,/home/corgi/.cache/chromium/Default/Cache/Cache_Data/f4892ee3837a550f_0,
Mar,11,23:52,/home/corgi/.cache/chromium/Default/Cache/Cache_Data/c532bf39c3153c5b_0,
Mar,12,00:16,/home/corgi/.cache/chromium/Default/Cache/Cache_Data/54c2143232fd1ac3_0,
Mar,12,00:20,/home/corgi/.cache/chromium/Default/Cache/Cache_Data/3a9d2d4e7061e74a_0,
Mar,12,00:20,/home/corgi/.cache/chromium/Default/Cache/Cache_Data/77fb3f7ed1fd8820_0,
Mar,11,23:52,/home/corgi/.cache/chromium/Default/Cache/Cache_Data/d1073ec659e263a3_0,
Mar,12,00:20,/home/corgi/.cache/chromium/Default/Cache/Cache_Data/bf4a419f02a6981a_0,
Mar,11,23:52,/home/corgi/.cache/chromium/Default/Cache/Cache_Data/f6a4549e419d7362_0,
Mar,11,23:48,/home/corgi/.cache/chromium/Default/Cache/Cache_Data/7b131f63d887afd5_0,
Mar,12,00:19,/home/corgi/.cache/chromium/Default/Cache/Cache_Data/cc60c8c9ce193a68_0,
Mar,11,23:51,/home/corgi/.cache/chromium/Default/Cache/Cache_Data/4a4b40095117224a_0,
Mar,11,23:52,/home/corgi/.cache/chromium/Default/Cache/Cache_Data/dd0202e65e16d83a_0,
Mar,11,23:52,/home/corgi/.cache/chromium/Default/Cache/Cache_Data/502d85c5a3822bc6_0,
Mar,12,00:21,/home/corgi/.cache/chromium/Default/Cache/Cache_Data/0901127baf98ad72_0,
Mar,11,23:52,/home/corgi/.cache/chromium/Default/Cache/Cache_Data/fd4acf33b571eb2c_0,
Mar,12,00:16,/home/corgi/.cache/chromium/Default/Cache/Cache_Data/92bbc427afba7334_0,
Mar,11,23:57,/home/corgi/.cache/chromium/Default/Cache/Cache_Data/05988baa8562fcce_0,
Mar,12,00:19,/home/corgi/.cache/chromium/Default/Cache/Cache_Data/940eabd4ad96f68d_0,
Mar,11,23:56,/home/corgi/.cache/chromium/Default/Cache/Cache_Data/f463cc67a2ff0ad2_0,
Mar,12,00:21,/home/corgi/.cache/chromium/Default/Cache/Cache_Data/03965e7a4e68abdd_0,
Mar,12,00:23,/home/corgi/.cache/chromium/Default/Cache/Cache_Data/0d398a6ef050ab02_0,
Mar,12,00:21,/home/corgi/.cache/chromium/Default/Cache/Cache_Data/04cc2985c553ed96_0,
Mar,11,23:52,/home/corgi/.cache/chromium/Default/Cache/Cache_Data/d2b9acc31e26c642_0,
Mar,11,23:52,/home/corgi/.cache/chromium/Default/Cache/Cache_Data/c9630e837d3e965a_0,
Mar,11,23:52,/home/corgi/.cache/chromium/Default/Cache/Cache_Data/12f0a58b7bd29c27_0,
Mar,12,00:12,/home/corgi/.cache/chromium/Default/Cache/Cache_Data/e322c2e24cc1eecf_0,
Mar,11,23:54,/home/corgi/.cache/chromium/Default/Cache/Cache_Data/1fddfa47b1a16ac1_0,
Mar,11,23:59,/home/corgi/.cache/chromium/Default/Cache/Cache_Data/3fe87026f099aabe_0,
Mar,11,23:59,/home/corgi/.cache/chromium/Default/Cache/Cache_Data/62fb83290ce42e61_0,
Mar,11,23:52,/home/corgi/.cache/chromium/Default/Cache/Cache_Data/7a923423eadd8171_0,
Mar,11,23:52,/home/corgi/.cache/chromium/Default/Cache/Cache_Data/8022019877b53019_0,
Mar,11,23:51,/home/corgi/.cache/chromium/Default/Cache/Cache_Data/009bdb3cbadc8bc0_0,
Mar,12,00:20,/home/corgi/.cache/chromium/Default/Cache/Cache_Data/de857312eb7feeb9_0,
Mar,12,00:21,/home/corgi/.cache/chromium/Default/Cache/Cache_Data/9bd39acfb635c577_0,
Mar,12,00:20,/home/corgi/.cache/chromium/Default/Cache/Cache_Data/0b25684357414342_0,
Mar,12,00:23,/home/corgi/.cache/chromium/Default/Cache/Cache_Data/31b433757176cabe_0,
Mar,12,00:46,/home/corgi/.cache/chromium/Default/Cache/Cache_Data/77a31dc3e874e7a9_0,
Mar,11,23:51,/home/corgi/.cache/chromium/Default/Cache/Cache_Data/c47230851883d493_0,
Mar,12,00:18,/home/corgi/.cache/chromium/Default/Cache/Cache_Data/37eb8fb0dc90e828_0,
Mar,11,23:52,/home/corgi/.cache/chromium/Default/Cache/Cache_Data/4823fae1c816d7a5_0,
Mar,12,00:23,/home/corgi/.cache/chromium/Default/Cache/Cache_Data/8318fac7b5c766e0_0,
Mar,11,23:52,/home/corgi/.cache/chromium/Default/Cache/Cache_Data/65b2544ab0a1359e_0,
Mar,12,00:19,/home/corgi/.cache/chromium/Default/Cache/Cache_Data/db088427eceba727_0,
Mar,11,23:52,/home/corgi/.cache/chromium/Default/Cache/Cache_Data/2167e76970110ac9_0,
Mar,11,23:51,/home/corgi/.cache/chromium/Default/Cache/Cache_Data/130c350a4ee5fc91_0,
Mar,11,23:56,/home/corgi/.cache/chromium/Default/Cache/Cache_Data/9585fd1b406e7e52_0,
Mar,12,00:21,/home/corgi/.cache/chromium/Default/Cache/Cache_Data/1190d08015e9e3ce_0,
Mar,11,23:52,/home/corgi/.cache/chromium/Default/Cache/Cache_Data/8ad7b853f66db935_0,
Mar,12,00:19,/home/corgi/.cache/chromium/Default/Cache/Cache_Data/aeb937ea745ea879_0,
Mar,11,23:48,/home/corgi/.cache/chromium/Default/Cache/Cache_Data/de4783f560bedacb_0,
Mar,12,00:19,/home/corgi/.cache/chromium/Default/Cache/Cache_Data/54bfced9106140ff_0,
Mar,11,23:57,/home/corgi/.cache/chromium/Default/Cache/Cache_Data/acb13bd7f52e8952_0,
Mar,12,00:19,/home/corgi/.cache/chromium/Default/Cache/Cache_Data/d194d250a3c002d1_0,
Mar,12,00:46,/home/corgi/.cache/chromium/Default/Cache/Cache_Data/516ef072207c7cc8_0,
Mar,12,00:46,/home/corgi/.cache/chromium/Default/Cache/Cache_Data/a4426ee54d55481a_0,
Mar,11,23:52,/home/corgi/.cache/chromium/Default/Cache/Cache_Data/1d1ddcabce7226e9_0,
Mar,11,23:59,/home/corgi/.cache/chromium/Default/Cache/Cache_Data/4348197bf105732a_0,
Mar,12,00:19,/home/corgi/.cache/chromium/Default/Cache/Cache_Data/a364e578dd73f087_0,
Mar,12,00:16,/home/corgi/.cache/chromium/Default/Cache/Cache_Data/d749ec014f917ff3_0,
Mar,11,23:52,/home/corgi/.cache/chromium/Default/Cache/Cache_Data/5ce239b36a71bd9e_0,
Mar,11,23:51,/home/corgi/.cache/chromium/Default/Cache/Cache_Data/e4ece2c40da9b164_0,
Mar,12,00:23,/home/corgi/.cache/chromium/Default/Cache/Cache_Data/2ecb42368a1950b3_0,
Mar,11,23:57,/home/corgi/.cache/chromium/Default/Cache/Cache_Data/6bbfd78b38345e26_0,
Mar,12,00:21,/home/corgi/.cache/chromium/Default/Cache/Cache_Data/45a263e5355d1874_0,
Mar,12,00:19,/home/corgi/.cache/chromium/Default/Cache/Cache_Data/ac8f1de5f3f5bd24_0,
Mar,11,23:51,/home/corgi/.cache/chromium/Default/Cache/Cache_Data/858379e6dc9a0c5a_0,
Mar,11,23:52,/home/corgi/.cache/chromium/Default/Cache/Cache_Data/fcc9384d9af3339e_0,
Mar,12,00:20,/home/corgi/.cache/chromium/Default/Cache/Cache_Data/9647ec6bcb566f6c_0,
Mar,12,00:23,/home/corgi/.cache/chromium/Default/Cache/Cache_Data/27f99b5c3ff46705_0,
Mar,12,00:46,/home/corgi/.cache/chromium/Default/Cache/Cache_Data/9e2ac127435f9e12_0,
Mar,12,00:20,/home/corgi/.cache/chromium/Default/Cache/Cache_Data/c9310b24e24bd969_0,
Mar,12,00:16,/home/corgi/.cache/chromium/Default/Cache/Cache_Data/6183e94c2bff2368_0,
Mar,12,00:20,/home/corgi/.cache/chromium/Default/Cache/Cache_Data/97a4347b5ca761be_0,
Mar,12,00:16,/home/corgi/.cache/chromium/Default/Cache/Cache_Data/3dd42f1715b50942_0,
Mar,11,23:54,/home/corgi/.cache/chromium/Default/Cache/Cache_Data/7155484a39dbe041_0,
Mar,12,00:20,/home/corgi/.cache/chromium/Default/Cache/Cache_Data/625ab882b5ed0ccd_0,
Mar,12,00:21,/home/corgi/.cache/chromium/Default/Cache/Cache_Data/fa63723c7fd2b386_0,
Mar,11,23:48,/home/corgi/.cache/chromium/Default/Cache/Cache_Data/6c90d72a35c42f0d_0,
Mar,12,00:12,/home/corgi/.cache/chromium/Default/Cache/Cache_Data/860762d4f472ca39_0,
Mar,12,00:20,/home/corgi/.cache/chromium/Default/Cache/Cache_Data/addb6c9308da3854_0,
Mar,11,23:51,/home/corgi/.cache/chromium/Default/Cache/Cache_Data/e6180de9deebe817_0,
Mar,11,23:56,/home/corgi/.cache/chromium/Default/Cache/Cache_Data/3468bb7f3e625a23_0,
Mar,11,23:52,/home/corgi/.cache/chromium/Default/Cache/Cache_Data/ea7bf879cfd162e5_0,
Mar,11,23:56,/home/corgi/.cache/chromium/Default/Cache/Cache_Data/2693c6fc79fd510e_0,
Mar,12,00:19,/home/corgi/.cache/chromium/Default/Cache/Cache_Data/0c9df27b0539c751_0,
Mar,11,23:54,/home/corgi/.cache/chromium/Default/Cache/Cache_Data/d0764169926134e5_0,
Mar,12,00:21,/home/corgi/.cache/chromium/Default/Cache/Cache_Data/d661ac5c87d54e90_0,
Mar,11,23:51,/home/corgi/.cache/chromium/Default/Cache/Cache_Data/c5b3db61aedda604_0,
Mar,12,00:46,/home/corgi/.cache/chromium/Default/Cache/Cache_Data/2bab5afadd11e71c_0,
Mar,11,23:54,/home/corgi/.cache/chromium/Default/Cache/Cache_Data/05a3ed74a1113485_0,
Mar,12,00:16,/home/corgi/.cache/chromium/Default/Cache/Cache_Data/ee70f160dc05b9c8_0,
Mar,12,00:20,/home/corgi/.cache/chromium/Default/Cache/Cache_Data/264c26e9a7fbca59_0,
Mar,12,00:21,/home/corgi/.cache/chromium/Default/Cache/Cache_Data/cbf0d25893df09e3_0,
Mar,12,00:19,/home/corgi/.cache/chromium/Default/Cache/Cache_Data/c9e4e7876d2bee4a_0,
Mar,12,00:20,/home/corgi/.cache/chromium/Default/Cache/Cache_Data/ebc52f22c1e2cc69_0,
Mar,12,00:16,/home/corgi/.cache/chromium/Default/Cache/Cache_Data/be44a5b32bb2b164_0,
Mar,11,23:58,/home/corgi/.cache/chromium/Default/Cache/Cache_Data/93271c4366063152_0,
Mar,12,00:46,/home/corgi/.cache/chromium/Default/Cache/Cache_Data/f3ad099abc1486b6_0,
Mar,12,00:20,/home/corgi/.cache/chromium/Default/Cache/Cache_Data/43e968fa9ee3e7b4_0,
Mar,12,00:19,/home/corgi/.cache/chromium/Default/Cache/Cache_Data/d309fe13f0dfe334_0,
Mar,12,00:46,/home/corgi/.cache/chromium/Default/Cache/Cache_Data/f9c03f0886dbe8ab_0,
Mar,12,00:21,/home/corgi/.cache/chromium/Default/Cache/Cache_Data/98472cec2f3d074a_0,
Mar,12,00:46,/home/corgi/.cache/chromium/Default/Cache/Cache_Data/7729afd99ac24ca6_0,
Mar,12,00:21,/home/corgi/.cache/chromium/Default/Cache/Cache_Data/4d341ba6259a654a_0,
Mar,12,00:46,/home/corgi/.cache/chromium/Default/Cache/Cache_Data/0b2a83f56aee2e8b_0,
Mar,12,00:46,/home/corgi/.cache/chromium/Default/Cache/Cache_Data/6798b91043fe2496_0,
Mar,11,23:52,/home/corgi/.cache/chromium/Default/Cache/Cache_Data/eadb2c201f20c1b0_0,
Mar,11,23:56,/home/corgi/.cache/chromium/Default/Cache/Cache_Data/d986824077e0aa1a_0,
Mar,12,00:19,/home/corgi/.cache/chromium/Default/Cache/Cache_Data/6eea93c316382424_0,
Mar,12,00:16,/home/corgi/.cache/chromium/Default/Cache/Cache_Data/68fb96cbbac5ca8f_0,
Mar,12,00:46,/home/corgi/.cache/chromium/Default/Cache/Cache_Data/54e412ebe713749e_0,
Mar,11,23:51,/home/corgi/.cache/chromium/Default/Cache/Cache_Data/583ee064bd9f31f9_0,
Mar,12,00:24,/home/corgi/.cache/chromium/Default/Cache/Cache_Data/9180ca76fb42a871_0,
Mar,12,00:46,/home/corgi/.cache/chromium/Default/Cache/Cache_Data/3ed2c52730cf3d6e_0,
Mar,12,00:19,/home/corgi/.cache/chromium/Default/Cache/Cache_Data/9c4b09dcae1b074d_0,
Mar,12,00:21,/home/corgi/.cache/chromium/Default/Cache/Cache_Data/ddc16c4c03728eee_0,
Mar,11,23:57,/home/corgi/.cache/chromium/Default/Cache/Cache_Data/7fd91496c3831094_0,
Mar,12,00:21,/home/corgi/.cache/chromium/Default/Cache/Cache_Data/4558b0f45803218f_0,
Mar,12,00:21,/home/corgi/.cache/chromium/Default/Cache/Cache_Data/51dbc9700bff76f5_0,
Mar,11,23:48,/home/corgi/.cache/chromium/Default/Cache/Cache_Data/f2685d7e6f75ec81_0,
Mar,12,00:19,/home/corgi/.cache/chromium/Default/Cache/Cache_Data/bcf29b2860e8c375_0,
Mar,11,23:56,/home/corgi/.cache/chromium/Default/Cache/Cache_Data/13bcca6f06f42839_0,
Mar,12,00:21,/home/corgi/.cache/chromium/Default/Cache/Cache_Data/72a02907b1d454fb_0,
Mar,12,00:21,/home/corgi/.cache/chromium/Default/Cache/Cache_Data/d9caa8be8929304c_0,
Mar,11,23:51,/home/corgi/.cache/chromium/Default/Cache/Cache_Data/ae913aad42af73b7_0,
Mar,11,23:52,/home/corgi/.cache/chromium/Default/Cache/Cache_Data/ab2d1d8c2fa6548d_0,
Mar,12,00:19,/home/corgi/.cache/chromium/Default/Cache/Cache_Data/c01650650bc3c50f_0,
Mar,11,23:52,/home/corgi/.cache/chromium/Default/Cache/Cache_Data/83e8f6e37b223490_0,
Mar,12,00:21,/home/corgi/.cache/chromium/Default/Cache/Cache_Data/f3e636bb7d80b9bd_0,
Mar,11,23:57,/home/corgi/.cache/chromium/Default/Cache/Cache_Data/fe2d26d2f844b34e_0,
Mar,12,00:19,/home/corgi/.cache/chromium/Default/Cache/Cache_Data/757f972bc723e231_0,
Mar,12,00:19,/home/corgi/.cache/chromium/Default/Cache/Cache_Data/e40fe839dadc1bc9_0,
Mar,11,23:57,/home/corgi/.cache/chromium/Default/Cache/Cache_Data/282c1066e0db99d9_0,
Mar,12,00:46,/home/corgi/.cache/chromium/Default/Cache/Cache_Data/fbf764c7b6375f66_0,
Mar,11,23:58,/home/corgi/.cache/chromium/Default/Cache/Cache_Data/659aab71d5d74ad2_0,
Mar,12,00:20,/home/corgi/.cache/chromium/Default/Cache/Cache_Data/210318d2b8eff50a_0,
Mar,12,00:23,/home/corgi/.cache/chromium/Default/Cache/Cache_Data/754f59f3b581bf57_0,
Mar,12,00:20,/home/corgi/.cache/chromium/Default/Cache/Cache_Data/a471a6ced119054e_0,
Mar,12,00:20,/home/corgi/.cache/chromium/Default/Cache/Cache_Data/c9678fd4917b03a4_0,
Mar,12,00:19,/home/corgi/.cache/chromium/Default/Cache/Cache_Data/ecb11a1bb24d0bbc_0,
Mar,12,00:20,/home/corgi/.cache/chromium/Default/Cache/Cache_Data/535676143a0ae987_0,
Mar,12,00:39,/home/corgi/.cache/chromium/Default/Cache/Cache_Data/58f5c93c20841be6_0,
Mar,12,00:21,/home/corgi/.cache/chromium/Default/Cache/Cache_Data/2394d88e5490e56e_0,
Mar,12,00:46,/home/corgi/.cache/chromium/Default/Cache/Cache_Data/cd43b3ba9248f56c_0,
Mar,11,23:52,/home/corgi/.cache/chromium/Default/Cache/Cache_Data/93a3650a71340ee7_0,
Mar,11,23:52,/home/corgi/.cache/chromium/Default/Cache/Cache_Data/7c92f8559c09af41_0,
Mar,11,23:57,/home/corgi/.cache/chromium/Default/Cache/Cache_Data/8f8a3b6b607258e8_0,
Mar,12,00:23,/home/corgi/.cache/chromium/Default/Cache/Cache_Data/790d682ebb429337_0,
Mar,12,00:23,/home/corgi/.cache/chromium/Default/Cache/Cache_Data/bf9e659377eb7322_0,
Mar,12,00:19,/home/corgi/.cache/chromium/Default/Cache/Cache_Data/09dc40698a637dc3_0,
Mar,12,00:19,/home/corgi/.cache/chromium/Default/Cache/Cache_Data/a4149cb4abe86fa8_0,
Mar,12,00:21,/home/corgi/.cache/chromium/Default/Cache/Cache_Data/4271810881171a8e_0,
Mar,12,00:23,/home/corgi/.cache/chromium/Default/Cache/Cache_Data/2f5ca87422bd2e1a_0,
Mar,12,00:16,/home/corgi/.cache/chromium/Default/Cache/Cache_Data/f150dff79312a6b1_0,
Mar,11,23:48,/home/corgi/.cache/chromium/Default/Cache/Cache_Data/c4e97d3720adf283_0,
Mar,11,23:59,/home/corgi/.cache/chromium/Default/Cache/Cache_Data/7ebab18dd8a105cb_0,
Mar,12,00:21,/home/corgi/.cache/chromium/Default/Cache/Cache_Data/363aa6b5e3583868_0,
Mar,12,00:20,/home/corgi/.cache/chromium/Default/Cache/Cache_Data/6b11fbe8692fef0a_0,
Mar,12,00:46,/home/corgi/.cache/chromium/Default/Cache/Cache_Data/7759bd936f2a51b3_0,
Mar,12,00:21,/home/corgi/.cache/chromium/Default/Cache/Cache_Data/10501a24fd512a6d_0,
Mar,12,00:21,/home/corgi/.cache/chromium/Default/Cache/Cache_Data/fa59b11dda8e5f64_0,
Mar,12,00:12,/home/corgi/.cache/chromium/Default/Cache/Cache_Data/b91f66a1e5752198_0,
Mar,11,23:52,/home/corgi/.cache/chromium/Default/Cache/Cache_Data/8f820c27350b37de_0,
Mar,12,00:21,/home/corgi/.cache/chromium/Default/Cache/Cache_Data/517cc1b19e23b1a2_0,
Mar,12,00:29,/home/corgi/.cache/chromium/Default/Cache/Cache_Data/a70bd6d4f40a0e17_0,
Mar,11,23:52,/home/corgi/.cache/chromium/Default/Cache/Cache_Data/c758c811e133be98_0,
Mar,11,23:52,/home/corgi/.cache/chromium/Default/Cache/Cache_Data/2097818194815cfa_0,
Mar,11,23:52,/home/corgi/.cache/chromium/Default/Cache/Cache_Data/bd9f3b1857b618fa_0,
Mar,12,00:21,/home/corgi/.cache/chromium/Default/Cache/Cache_Data/5d7d1ab5a8e1b8b4_0,
Mar,11,23:52,/home/corgi/.cache/chromium/Default/Cache/Cache_Data/9c959e50c38f4901_0,
Mar,12,00:21,/home/corgi/.cache/chromium/Default/Cache/Cache_Data/b7610cdac89c9133_0,
Mar,11,23:52,/home/corgi/.cache/chromium/Default/Cache/Cache_Data/aed6dfa2cf63614f_0,
Mar,11,23:58,/home/corgi/.cache/chromium/Default/Cache/Cache_Data/5fdeeee7d17b8dc1_0,
Mar,12,00:19,/home/corgi/.cache/chromium/Default/Cache/Cache_Data/0b432ffbecf61069_0,
Mar,12,00:23,/home/corgi/.cache/chromium/Default/Cache/Cache_Data/b04ae0908653ace8_0,
Mar,12,00:19,/home/corgi/.cache/chromium/Default/Cache/Cache_Data/8a14b00fa146b637_0,
Mar,11,23:51,/home/corgi/.cache/chromium/Default/Cache/Cache_Data/945b469d121d72eb_0,
Mar,11,23:51,/home/corgi/.cache/chromium/Default/Cache/Cache_Data/118767de736c0e14_0,
Mar,11,23:52,/home/corgi/.cache/chromium/Default/Cache/Cache_Data/97faca8d106f291e_0,
Mar,12,00:19,/home/corgi/.cache/chromium/Default/Cache/Cache_Data/15af7062c269f77c_0,
Mar,12,00:46,/home/corgi/.cache/chromium/Default/Cache/Cache_Data/523274a4a76f0524_0,
Mar,12,00:21,/home/corgi/.cache/chromium/Default/Cache/Cache_Data/4cacbe29e41d5f50_0,
Mar,12,00:19,/home/corgi/.cache/chromium/Default/Cache/Cache_Data/dd51603c3d347096_0,
Mar,12,00:21,/home/corgi/.cache/chromium/Default/Cache/Cache_Data/c041e800b120524e_0,
Mar,11,23:53,/home/corgi/.cache/chromium/Default/Cache/Cache_Data/70bdca58424e4838_0,
Mar,12,00:19,/home/corgi/.cache/chromium/Default/Cache/Cache_Data/0ff0dd5d90ac0d97_0,
Mar,12,00:22,/home/corgi/.cache/chromium/Default/Cache/Cache_Data/2b8d3305a9fece50_0,
Mar,11,23:52,/home/corgi/.cache/chromium/Default/Cache/Cache_Data/ee16e7e154a42b1c_0,
Mar,12,00:21,/home/corgi/.cache/chromium/Default/Cache/Cache_Data/f4222b9bac7d368e_0,
Mar,12,00:21,/home/corgi/.cache/chromium/Default/Cache/Cache_Data/b59e801e34c244e7_0,
Mar,11,23:52,/home/corgi/.cache/chromium/Default/Cache/Cache_Data/1f9d772a0194faf4_0,
Mar,12,00:20,/home/corgi/.cache/chromium/Default/Cache/Cache_Data/2eaeaf782b3132c7_0,
Mar,11,23:59,/home/corgi/.cache/chromium/Default/Cache/Cache_Data/fb55cc7fa067fe94_0,
Mar,12,00:19,/home/corgi/.cache/chromium/Default/Cache/Cache_Data/7c0beb0b488a31e9_0,
Mar,12,00:19,/home/corgi/.cache/chromium/Default/Cache/Cache_Data/8fd506d1049fce46_0,
Mar,12,00:19,/home/corgi/.cache/chromium/Default/Cache/Cache_Data/5f9e00440c61f13f_0,
Mar,12,00:16,/home/corgi/.cache/chromium/Default/Cache/Cache_Data/d93ad36ed8675eb3_0,
Mar,12,00:20,/home/corgi/.cache/chromium/Default/Cache/Cache_Data/cd5cfbd642316197_0,
Mar,12,00:19,/home/corgi/.cache/chromium/Default/Cache/Cache_Data/d8f536e6032ca51c_0,
Mar,11,23:52,/home/corgi/.cache/chromium/Default/Cache/Cache_Data/a1037c31f9bdc829_0,
Mar,12,00:21,/home/corgi/.cache/chromium/Default/Cache/Cache_Data/17fc15e8a886039a_0,
Mar,11,23:48,/home/corgi/.cache/chromium/Default/Cache/Cache_Data/f301aee31d003d94_0,
Mar,12,00:19,/home/corgi/.cache/chromium/Default/Cache/Cache_Data/46c048a4ec2970a0_0,
Mar,12,00:46,/home/corgi/.cache/chromium/Default/Cache/Cache_Data/7a98e75114756c12_0,
Mar,12,00:16,/home/corgi/.cache/chromium/Default/Cache/Cache_Data/75d34a1a9078a671_0,
Mar,11,23:52,/home/corgi/.cache/chromium/Default/Cache/Cache_Data/96ba16d60a026edf_0,
Mar,11,23:57,/home/corgi/.cache/chromium/Default/Cache/Cache_Data/a1816ddf4ef5b7bb_0,
Mar,12,00:21,/home/corgi/.cache/chromium/Default/Cache/Cache_Data/d91c72fb5c7bcedc_0,
Mar,12,00:16,/home/corgi/.cache/chromium/Default/Cache/Cache_Data/694c4719c6a6abbd_0,
Mar,12,00:20,/home/corgi/.cache/chromium/Default/Cache/Cache_Data/d47572a061ba6875_0,
Mar,12,00:21,/home/corgi/.cache/chromium/Default/Cache/Cache_Data/c9982f843b046fa7_0,
Mar,12,00:19,/home/corgi/.cache/chromium/Default/Cache/Cache_Data/65da84d922177bc6_0,
Mar,12,00:16,/home/corgi/.cache/chromium/Default/Cache/Cache_Data/95cd4fe4499e7204_0,
Mar,12,00:21,/home/corgi/.cache/chromium/Default/Cache/Cache_Data/3cf7e4eb66e35fa2_0,
Mar,11,23:52,/home/corgi/.cache/chromium/Default/Cache/Cache_Data/9198c79df5c565d5_0,
Mar,12,00:46,/home/corgi/.cache/chromium/Default/Cache/Cache_Data/eedd8e7662e73272_0,
Mar,12,00:20,/home/corgi/.cache/chromium/Default/Cache/Cache_Data/f27df26f7bc9ac64_0,
Mar,12,00:19,/home/corgi/.cache/chromium/Default/Cache/Cache_Data/4788d8b6c5f4ef63_0,
Mar,12,00:20,/home/corgi/.cache/chromium/Default/Cache/Cache_Data/14ff452b6877fe28_0,
Mar,11,23:48,/home/corgi/.cache/chromium/Default/Cache/Cache_Data/f67b8cc4cb009bcd_0,
Mar,11,23:59,/home/corgi/.cache/chromium/Default/Cache/Cache_Data/33a28feec233d504_0,
Mar,12,00:21,/home/corgi/.cache/chromium/Default/Cache/Cache_Data/70d3bbdf5f315b66_0,
Mar,12,00:19,/home/corgi/.cache/chromium/Default/Cache/Cache_Data/28a6a8a6bafd28ae_0,
Mar,11,23:51,/home/corgi/.cache/chromium/Default/Cache/Cache_Data/b81132b3b1427d58_0,
Mar,11,23:59,/home/corgi/.cache/chromium/Default/Cache/Cache_Data/60b20871a1c7be51_0,
Mar,11,23:57,/home/corgi/.cache/chromium/Default/Cache/Cache_Data/01e2452e55c46e01_0,
Mar,12,00:22,/home/corgi/.cache/chromium/Default/Cache/Cache_Data/137bff83cd675885_0,
Mar,12,00:46,/home/corgi/.cache/chromium/Default/Cache/Cache_Data/e765e00a288eda02_0,
Mar,11,23:52,/home/corgi/.cache/chromium/Default/Cache/Cache_Data/bc0fc72965d4e2ac_0,
Mar,12,00:20,/home/corgi/.cache/chromium/Default/Cache/Cache_Data/103b2f7b1eeae236_0,
Mar,12,00:20,/home/corgi/.cache/chromium/Default/Cache/Cache_Data/3ca60185f00bebe8_0,
Mar,12,00:46,/home/corgi/.cache/chromium/Default/Cache/Cache_Data/ffb8cd5008fea7ed_0,
Mar,11,23:59,/home/corgi/.cache/chromium/Default/Cache/Cache_Data/1b600bb60cb8eeb7_0,
Mar,12,00:21,/home/corgi/.cache/chromium/Default/Cache/Cache_Data/34b4ef0d277b8e33_0,
Mar,11,23:52,/home/corgi/.cache/chromium/Default/Cache/Cache_Data/6e62a6239757d557_0,
Mar,12,00:21,/home/corgi/.cache/chromium/Default/Cache/Cache_Data/db05f857749d4be2_0,
Mar,12,00:44,/home/corgi/.cache/chromium/Default/Cache/Cache_Data/8bd9b7ae0acb75ed_0,
Mar,12,00:22,/home/corgi/.cache/chromium/Default/Cache/Cache_Data/381454d9237d4743_0,
Mar,11,23:56,/home/corgi/.cache/chromium/Default/Cache/Cache_Data/af721584b0ed96a3_0,
Mar,12,00:16,/home/corgi/.cache/chromium/Default/Cache/Cache_Data/6dd6559f9aeb1462_0,
Mar,12,00:21,/home/corgi/.cache/chromium/Default/Cache/Cache_Data/68635b387185ded3_0,
Mar,12,00:46,/home/corgi/.cache/chromium/Default/Cache/Cache_Data/a0a52180979af632_0,
Mar,11,23:52,/home/corgi/.cache/chromium/Default/Cache/Cache_Data/bddf87b029f5bac5_0,
Mar,12,00:46,/home/corgi/.cache/chromium/Default/Cache/Cache_Data/9172d380878aac63_0,
Mar,12,00:46,/home/corgi/.cache/chromium/Default/Cache/Cache_Data/fa4103efae23de2f_0,
Mar,11,23:56,/home/corgi/.cache/chromium/Default/Cache/Cache_Data/85505d6c75a3f7ce_0,
Mar,12,00:46,/home/corgi/.cache/chromium/Default/Cache/Cache_Data/f24697fc5129329a_0,
Mar,11,23:54,/home/corgi/.cache/chromium/Default/Cache/Cache_Data/ac5a76590c74ce53_0,
Mar,12,00:23,/home/corgi/.cache/chromium/Default/Cache/Cache_Data/461391ec5bd7a265_0,
Mar,12,00:46,/home/corgi/.cache/chromium/Default/Cache/Cache_Data/6382160207dfc6b3_0,
Mar,12,00:21,/home/corgi/.cache/chromium/Default/Cache/Cache_Data/41c0b9ce8433148f_0,
Mar,11,23:52,/home/corgi/.cache/chromium/Default/Cache/Cache_Data/ac6838ae7967dee2_0,
Mar,11,23:52,/home/corgi/.cache/chromium/Default/Cache/Cache_Data/293ed07da470aff4_0,
Mar,12,00:23,/home/corgi/.cache/chromium/Default/Cache/Cache_Data/c5f85e3eed61483a_0,
Mar,12,00:19,/home/corgi/.cache/chromium/Default/Cache/Cache_Data/f454ab33b0cba551_0,
Mar,12,00:19,/home/corgi/.cache/chromium/Default/Cache/Cache_Data/12ed6e0c7d56a241_0,
Mar,12,00:20,/home/corgi/.cache/chromium/Default/Cache/Cache_Data/37dd5d10dbb2a83c_0,
Mar,12,00:21,/home/corgi/.cache/chromium/Default/Cache/Cache_Data/68be86d35e6eef56_0,
Mar,12,00:21,/home/corgi/.cache/chromium/Default/Cache/Cache_Data/c88619e62ab5ea7f_0,
Mar,11,23:52,/home/corgi/.cache/chromium/Default/Cache/Cache_Data/4271504103873c3c_0,
Mar,11,23:52,/home/corgi/.cache/chromium/Default/Cache/Cache_Data/be0b4d7af5896f70_0,
Mar,11,23:52,/home/corgi/.cache/chromium/Default/Cache/Cache_Data/1982a060167c78a0_0,
Mar,12,00:21,/home/corgi/.cache/chromium/Default/Cache/Cache_Data/d8f0877ef0b773ac_0,
Mar,11,23:59,/home/corgi/.cache/chromium/Default/Cache/Cache_Data/d6514e80f03896bc_0,
Mar,12,00:19,/home/corgi/.cache/chromium/Default/Cache/Cache_Data/f495ed0c2a7adfc3_0,
Mar,12,00:21,/home/corgi/.cache/chromium/Default/Cache/Cache_Data/36030a03a986451b_0,
Mar,12,00:46,/home/corgi/.cache/chromium/Default/Cache/Cache_Data/08324ca8ddcfc146_0,
Mar,12,00:19,/home/corgi/.cache/chromium/Default/Cache/Cache_Data/bf9b73cfa9a35b82_0,
Mar,12,00:21,/home/corgi/.cache/chromium/Default/Cache/Cache_Data/cb1c250a86fdb886_0,
Mar,12,00:20,/home/corgi/.cache/chromium/Default/Cache/Cache_Data/9287b01714cb1c7d_0,
Mar,12,00:16,/home/corgi/.cache/chromium/Default/Cache/Cache_Data/346119c3f364677a_0,
Mar,11,23:48,/home/corgi/.cache/chromium/Default/Cache/Cache_Data/97f93f8e62292ce1_0,
Mar,12,00:19,/home/corgi/.cache/chromium/Default/Cache/Cache_Data/a1a7db6b69335121_0,
Mar,12,00:19,/home/corgi/.cache/chromium/Default/Cache/Cache_Data/f2dadbf06bc955d0_0,
Mar,12,00:28,/home/corgi/.cache/chromium/Default/Cache/Cache_Data/6bede5f30a1a127b_0,
Mar,11,23:54,/home/corgi/.cache/chromium/Default/Cache/Cache_Data/c2dfa74ee2a7d983_0,
Mar,12,00:21,/home/corgi/.cache/chromium/Default/Cache/Cache_Data/a5f45a5b35b1f4cd_0,
Mar,11,23:57,/home/corgi/.cache/chromium/Default/Cache/Cache_Data/e5cb63fc67c90008_0,
Mar,12,00:20,/home/corgi/.cache/chromium/Default/Cache/Cache_Data/ecc7f2a5a34f60f5_0,
Mar,12,00:20,/home/corgi/.cache/chromium/Default/Cache/Cache_Data/6612c5c9a25d9bd0_0,
Mar,11,23:48,/home/corgi/.cache/chromium/Default/Cache/Cache_Data/91f5f6abc72906ba_0,
Mar,12,00:20,/home/corgi/.cache/chromium/Default/Cache/Cache_Data/49fb1edba3279bd0_0,
Mar,11,23:51,/home/corgi/.cache/chromium/Default/Cache/Cache_Data/d306df57215a580f_0,
Mar,11,23:52,/home/corgi/.cache/chromium/Default/Cache/Cache_Data/f10e1444881bc733_0,
Mar,12,00:46,/home/corgi/.cache/chromium/Default/Cache/Cache_Data/7da869d66cccacd4_0,
Mar,12,00:46,/home/corgi/.cache/chromium/Default/Cache/Cache_Data/190bfed1dd04854b_0,
Mar,12,00:16,/home/corgi/.cache/chromium/Default/Cache/Cache_Data/99965cd4cb517750_0,
Mar,12,00:21,/home/corgi/.cache/chromium/Default/Cache/Cache_Data/9d48bb3eeaf86ba4_0,
Mar,12,00:21,/home/corgi/.cache/chromium/Default/Cache/Cache_Data/539133411bb1e321_0,
Mar,12,00:21,/home/corgi/.cache/chromium/Default/Cache/Cache_Data/cc88ed39ba4ce40f_0,
Mar,12,00:16,/home/corgi/.cache/chromium/Default/Cache/Cache_Data/b80b6c34737962f3_0,
Mar,12,00:20,/home/corgi/.cache/chromium/Default/Cache/Cache_Data/109d0277a92a69e9_0,
Mar,12,00:21,/home/corgi/.cache/chromium/Default/Cache/Cache_Data/be86bb46529ffb6c_0,
Mar,11,23:48,/home/corgi/.cache/chromium/Default/Cache/Cache_Data/39decd2cac63ab0a_0,
Mar,12,00:19,/home/corgi/.cache/chromium/Default/Cache/Cache_Data/16c654e9f514e2ff_0,
Mar,12,00:19,/home/corgi/.cache/chromium/Default/Cache/Cache_Data/a05501b63fde5a98_0,
Mar,11,23:57,/home/corgi/.cache/chromium/Default/Cache/Cache_Data/78092225e0eaaac1_0,
Mar,12,00:16,/home/corgi/.cache/chromium/Default/Cache/Cache_Data/7139ad76edb3f230_0,
Mar,11,23:58,/home/corgi/.cache/chromium/Default/Cache/Cache_Data/1b06c447485b1d3d_0,
Mar,11,23:52,/home/corgi/.cache/chromium/Default/Cache/Cache_Data/469efd1cd13d71a0_0,
Mar,12,00:23,/home/corgi/.cache/chromium/Default/Cache/Cache_Data/409a88f9733175b5_0,
Mar,12,00:21,/home/corgi/.cache/chromium/Default/Cache/Cache_Data/9d1ab68224f25d88_0,
Mar,11,23:57,/home/corgi/.cache/chromium/Default/Cache/Cache_Data/e628d2cdadcf21bb_0,
Mar,11,23:52,/home/corgi/.cache/chromium/Default/Cache/Cache_Data/fe28cb3a9f3f0d35_0,
Mar,12,00:19,/home/corgi/.cache/chromium/Default/Cache/Cache_Data/c32dadae50d16bf1_0,
Mar,12,00:19,/home/corgi/.cache/chromium/Default/Cache/Cache_Data/742c38885b240cbf_0,
Mar,12,00:19,/home/corgi/.cache/chromium/Default/Cache/Cache_Data/1a331f880eaf61a3_0,
Mar,12,00:21,/home/corgi/.cache/chromium/Default/Cache/Cache_Data/5ab766f082b28dea_0,
Mar,12,00:19,/home/corgi/.cache/chromium/Default/Cache/Cache_Data/f5ed27eafb2567ef_0,
Mar,12,00:20,/home/corgi/.cache/chromium/Default/Cache/Cache_Data/b9297b96fd955684_0,
Mar,11,23:51,/home/corgi/.cache/chromium/Default/Cache/Cache_Data/beda1ae2672f5964_0,
Mar,12,00:20,/home/corgi/.cache/chromium/Default/Cache/Cache_Data/049ee7b78d197a84_0,
Mar,11,23:48,/home/corgi/.cache/chromium/Default/Cache/Cache_Data/5647f1e579355ecf_0,
Mar,12,00:23,/home/corgi/.cache/chromium/Default/Cache/Cache_Data/dd85702c515b9ab4_0,
Mar,11,23:52,/home/corgi/.cache/chromium/Default/Cache/Cache_Data/7c2beebd3bc4ed55_0,
Mar,11,23:52,/home/corgi/.cache/chromium/Default/Cache/Cache_Data/820275419acb8a6d_0,
Mar,12,00:23,/home/corgi/.cache/chromium/Default/Cache/Cache_Data/5149f55e746e7a74_0,
Mar,12,00:13,/home/corgi/.cache/chromium/Default/Cache/Cache_Data/303c557d30de9de2_0,
Mar,11,23:51,/home/corgi/.cache/chromium/Default/Cache/Cache_Data/40cd4c2f42da54db_0,
Mar,12,00:21,/home/corgi/.cache/chromium/Default/Cache/Cache_Data/e88b0a8d47e0e62b_0,
Mar,11,23:52,/home/corgi/.cache/chromium/Default/Cache/Cache_Data/3be19eb83555c163_0,
Mar,11,23:51,/home/corgi/.cache/chromium/Default/Cache/Cache_Data/db9284c2fcab6d4f_0,
Mar,11,23:57,/home/corgi/.cache/chromium/Default/Cache/Cache_Data/d5a4a9f7bd6b109d_0,
Mar,11,23:59,/home/corgi/.cache/chromium/Default/Cache/Cache_Data/84f913e8a0d73a5c_0,
Mar,11,23:51,/home/corgi/.cache/chromium/Default/Cache/Cache_Data/654e36ff56d5cd20_0,
Mar,12,00:23,/home/corgi/.cache/chromium/Default/Cache/Cache_Data/dc4e34b03f13943b_0,
Mar,12,00:46,/home/corgi/.cache/chromium/Default/Cache/Cache_Data/3af1e887d3101a22_0,
Mar,11,23:52,/home/corgi/.cache/chromium/Default/Cache/Cache_Data/ad5f1fe74b8a093b_0,
Mar,11,23:52,/home/corgi/.cache/chromium/Default/Cache/Cache_Data/a36a87058130db6b_0,
Mar,12,00:46,/home/corgi/.cache/chromium/Default/Cache/Cache_Data/af3369f137a18152_0,
Mar,11,23:52,/home/corgi/.cache/chromium/Default/Cache/Cache_Data/c127d597560a2baf_0,
Mar,12,00:16,/home/corgi/.cache/chromium/Default/Cache/Cache_Data/d28fc5601ada799d_0,
Mar,12,00:20,/home/corgi/.cache/chromium/Default/Cache/Cache_Data/ef73e845bf7259d8_0,
Mar,12,00:23,/home/corgi/.cache/chromium/Default/Cache/Cache_Data/7efaadff1ae8c992_0,
Mar,11,23:54,/home/corgi/.cache/chromium/Default/Cache/Cache_Data/6c0efe3b659bae23_0,
Mar,12,00:21,/home/corgi/.cache/chromium/Default/Cache/Cache_Data/f377122c391015e5_0,
Mar,12,00:16,/home/corgi/.cache/chromium/Default/Cache/Cache_Data/f58bd0aa081599ea_0,
Mar,12,00:20,/home/corgi/.cache/chromium/Default/Cache/Cache_Data/02de8e56d31e002a_0,
Mar,12,00:23,/home/corgi/.cache/chromium/Default/Cache/Cache_Data/3f51f8563c2734e7_0,
Mar,12,00:21,/home/corgi/.cache/chromium/Default/Cache/Cache_Data/49fa1dcde96cac44_0,
Mar,11,23:52,/home/corgi/.cache/chromium/Default/Cache/Cache_Data/9718c436316cab68_0,
Mar,12,00:19,/home/corgi/.cache/chromium/Default/Cache/Cache_Data/3ba0c2b0538f6998_0,
Mar,12,00:46,/home/corgi/.cache/chromium/Default/Cache/Cache_Data/440b1d7aa62fe882_0,
Mar,12,00:46,/home/corgi/.cache/chromium/Default/Cache/Cache_Data/5a87aa1da21e317b_0,
Mar,12,00:21,/home/corgi/.cache/chromium/Default/Cache/Cache_Data/17b415939d86e5d0_0,
Mar,11,23:51,/home/corgi/.cache/chromium/Default/Cache/Cache_Data/38aff08fa7a6e796_0,
Mar,12,00:21,/home/corgi/.cache/chromium/Default/Cache/Cache_Data/ff6d687df8ea42a9_0,
Mar,12,00:21,/home/corgi/.cache/chromium/Default/Cache/Cache_Data/2277fbaeac001599_0,
Mar,11,23:59,/home/corgi/.cache/chromium/Default/Cache/Cache_Data/6c99bb50e5fe5f4a_0,
Mar,12,00:46,/home/corgi/.cache/chromium/Default/Cache/Cache_Data/6cc514d94d6fecfe_0,
Mar,12,00:12,/home/corgi/.cache/chromium/Default/Cache/Cache_Data/35e68b1010efcaf9_0,
Mar,12,00:34,/home/corgi/.cache/chromium/Default/Cache/Cache_Data/2b30c876d60e8ecd_0,
Mar,11,23:52,/home/corgi/.cache/chromium/Default/Cache/Cache_Data/3247e7a809b0a53b_0,
Mar,11,23:52,/home/corgi/.cache/chromium/Default/Cache/Cache_Data/9306100e956a27a0_0,
Mar,12,00:19,/home/corgi/.cache/chromium/Default/Cache/Cache_Data/9baf73f878f9fcde_0,
Mar,11,23:48,/home/corgi/.cache/chromium/Default/Cache/Cache_Data/94d8ae340f4edf8b_0,
Mar,12,00:46,/home/corgi/.cache/chromium/Default/Cache/Cache_Data/b2ca569709b4e1e2_0,
Mar,12,00:16,/home/corgi/.cache/chromium/Default/Cache/Cache_Data/b7772cec925d8fc1_0,
Mar,12,00:23,/home/corgi/.cache/chromium/Default/Cache/Cache_Data/ab6a8cf9a5b57f5e_0,
Mar,12,00:46,/home/corgi/.cache/chromium/Default/Cache/Cache_Data/d0ccfc770d5b4579_0,
Mar,12,00:16,/home/corgi/.cache/chromium/Default/Cache/Cache_Data/7470726ce44420fa_0,
Mar,11,23:52,/home/corgi/.cache/chromium/Default/Cache/Cache_Data/1d8761faed13d5c5_0,
Mar,12,00:21,/home/corgi/.cache/chromium/Default/Cache/Cache_Data/3a1f39e06ce1bea4_0,
Mar,12,00:20,/home/corgi/.cache/chromium/Default/Cache/Cache_Data/6803f73fb2b3e408_0,
Mar,12,00:19,/home/corgi/.cache/chromium/Default/Cache/Cache_Data/5503beb20412eeea_0,
Mar,12,00:46,/home/corgi/.cache/chromium/Default/Cache/Cache_Data/c4d78e5e0739402a_0,
Mar,12,00:23,/home/corgi/.cache/chromium/Default/Cache/Cache_Data/b6bf7501766d0538_0,
Mar,12,00:46,/home/corgi/.cache/chromium/Default/Cache/Cache_Data/1b01505ae940cf51_0,
Mar,12,00:19,/home/corgi/.cache/chromium/Default/Cache/Cache_Data/f18ef589217213f3_0,
Mar,12,00:19,/home/corgi/.cache/chromium/Default/Cache/Cache_Data/5c3e7759c88179b1_0,
Mar,12,00:21,/home/corgi/.cache/chromium/Default/Cache/Cache_Data/ec076b20684aab59_0,
Mar,11,23:56,/home/corgi/.cache/chromium/Default/Cache/Cache_Data/79eab64aefceea2e_0,
Mar,12,00:19,/home/corgi/.cache/chromium/Default/Cache/Cache_Data/4541303f2038b6c8_0,
Mar,12,00:19,/home/corgi/.cache/chromium/Default/Cache/Cache_Data/a52b917ee14a9142_0,
Mar,12,00:46,/home/corgi/.cache/chromium/Default/Cache/Cache_Data/6a5110c188558c1d_0,
Mar,12,00:12,/home/corgi/.cache/chromium/Default/Cache/Cache_Data/3a03828759fbf160_0,
Mar,12,00:46,/home/corgi/.cache/chromium/Default/Cache/Cache_Data/cf439d0d73340e6d_0,
Mar,12,00:19,/home/corgi/.cache/chromium/Default/Cache/Cache_Data/7fd794ad55491084_0,
Mar,12,00:19,/home/corgi/.cache/chromium/Default/Cache/Cache_Data/071957b55c71f20e_0,
Mar,11,23:52,/home/corgi/.cache/chromium/Default/Cache/Cache_Data/a203e8bc5695d54e_0,
Mar,12,00:20,/home/corgi/.cache/chromium/Default/Cache/Cache_Data/a715b631fe6428c5_0,
Mar,11,23:56,/home/corgi/.cache/chromium/Default/Cache/Cache_Data/59f9121be91ce18a_0,
Mar,12,00:21,/home/corgi/.cache/chromium/Default/Cache/Cache_Data/cec12f4ff2f3062e_0,
Mar,12,00:46,/home/corgi/.cache/chromium/Default/Cache/Cache_Data/b76101f9448b6c1b_0,
Mar,11,23:57,/home/corgi/.cache/chromium/Default/Cache/Cache_Data/b4ad08007fad7bbd_0,
Mar,12,00:19,/home/corgi/.cache/chromium/Default/Cache/Cache_Data/cd6761ce91e89173_0,
Mar,12,00:46,/home/corgi/.cache/chromium/Default/Cache/Cache_Data/caa9f057261d972b_0,
Mar,12,00:19,/home/corgi/.cache/chromium/Default/Cache/Cache_Data/4e2949e71de73c7b_0,
Mar,11,23:51,/home/corgi/.cache/chromium/Default/Cache/Cache_Data/4a7c1b82b7863fb9_0,
Mar,12,00:20,/home/corgi/.cache/chromium/Default/Cache/Cache_Data/0cad277e61bfe605_0,
Mar,12,00:46,/home/corgi/.cache/chromium/Default/Cache/Cache_Data/66700d8843349073_0,
Mar,12,00:21,/home/corgi/.cache/chromium/Default/Cache/Cache_Data/fe06e6f4d9b884bc_0,
Mar,12,00:21,/home/corgi/.cache/chromium/Default/Cache/Cache_Data/ef3039d94373b9a6_0,
Mar,12,00:16,/home/corgi/.cache/chromium/Default/Cache/Cache_Data/bd814a6e9a1c5985_0,
Mar,11,23:48,/home/corgi/.cache/chromium/Default/Cache/Cache_Data/7fbe5e5a7c38aa51_0,
Mar,12,00:46,/home/corgi/.cache/chromium/Default/Cache/Cache_Data/e85ac8952d7783d7_0,
Mar,12,00:46,/home/corgi/.cache/chromium/Default/Cache/Cache_Data/e584f31c42b3859b_0,
Mar,12,00:46,/home/corgi/.cache/chromium/Default/Cache/Cache_Data/467ef6ab0858fcc1_0,
Mar,12,00:20,/home/corgi/.cache/chromium/Default/Cache/Cache_Data/ebc6a3da160acf69_0,
Mar,12,00:21,/home/corgi/.cache/chromium/Default/Cache/Cache_Data/4f6adf12026f35cc_0,
Mar,12,00:19,/home/corgi/.cache/chromium/Default/Cache/Cache_Data/af59426a1ba02118_0,
Mar,12,00:16,/home/corgi/.cache/chromium/Default/Cache/Cache_Data/e918ee85e9be5538_0,
Mar,12,00:20,/home/corgi/.cache/chromium/Default/Cache/Cache_Data/99d20af99a129e6c_0,
Mar,12,00:16,/home/corgi/.cache/chromium/Default/Cache/Cache_Data/6a894dfe1fbe307d_0,
Mar,11,23:58,/home/corgi/.cache/chromium/Default/Cache/Cache_Data/94726d8958c7e5af_0,
Mar,12,00:20,/home/corgi/.cache/chromium/Default/Cache/Cache_Data/61a80334c79c5cca_0,
Mar,11,23:51,/home/corgi/.cache/chromium/Default/Cache/Cache_Data/898028583da5d3a0_0,
Mar,12,00:19,/home/corgi/.cache/chromium/Default/Cache/Cache_Data/b2fb7afa69c0288e_0,
Mar,12,00:21,/home/corgi/.cache/chromium/Default/Cache/Cache_Data/e6fdb382f829f639_0,
Mar,11,23:55,/home/corgi/.cache/chromium/Default/Cache/Cache_Data/1612182175c54d13_0,
Mar,12,00:23,/home/corgi/.cache/chromium/Default/Cache/Cache_Data/ac4b101045c34c89_0,
Mar,11,23:48,/home/corgi/.cache/chromium/Default/Cache/Cache_Data/72a9587d51460165_0,
Mar,12,00:21,/home/corgi/.cache/chromium/Default/Cache/Cache_Data/75d1b215400443d6_0,
Mar,11,23:58,/home/corgi/.cache/chromium/Default/Cache/Cache_Data/12d2b44a44234521_0,
Mar,12,00:20,/home/corgi/.cache/chromium/Default/Cache/Cache_Data/1a8181faaf54b758_0,
Mar,12,00:46,/home/corgi/.cache/chromium/Default/Cache/Cache_Data/a988e59ff81718f1_0,
Mar,12,00:46,/home/corgi/.cache/chromium/Default/Cache/Cache_Data/9b178f69eaa6da1e_0,
Mar,12,00:46,/home/corgi/.cache/chromium/Default/Cache/Cache_Data/9a634f6d4b93919e_0,
Mar,12,00:21,/home/corgi/.cache/chromium/Default/Cache/Cache_Data/a056bc3629f263d5_0,
Mar,12,00:16,/home/corgi/.cache/chromium/Default/Cache/Cache_Data/6a4958e99faa3312_0,
Mar,11,23:52,/home/corgi/.cache/chromium/Default/Cache/Cache_Data/45c5625fda71a26a_0,
Mar,11,23:48,/home/corgi/.cache/chromium/Default/Cache/Cache_Data/020df8fb5dcd7d62_0,
Mar,12,00:21,/home/corgi/.cache/chromium/Default/Cache/Cache_Data/2d36b494115f5d4c_0,
Mar,12,00:19,/home/corgi/.cache/chromium/Default/Cache/Cache_Data/b95693a0f4ffd8be_0,
Mar,11,23:56,/home/corgi/.cache/chromium/Default/Cache/Cache_Data/864cc1d3e7bc71b9_0,
Mar,11,23:56,/home/corgi/.cache/chromium/Default/Cache/Cache_Data/c7058ab0b7d5d6f0_0,
Mar,12,00:19,/home/corgi/.cache/chromium/Default/Cache/Cache_Data/44b6a716d438a6c7_0,
Mar,12,00:21,/home/corgi/.cache/chromium/Default/Cache/Cache_Data/e5414866dfa4bb89_0,
Mar,11,23:52,/home/corgi/.cache/chromium/Default/Cache/Cache_Data/e4685eef36726c41_0,
Mar,12,00:21,/home/corgi/.cache/chromium/Default/Cache/Cache_Data/4c29714cedc2bba4_0,
Mar,12,00:19,/home/corgi/.cache/chromium/Default/Cache/Cache_Data/2f5251c7508d5fbd_0,
Mar,12,00:16,/home/corgi/.cache/chromium/Default/Cache/Cache_Data/4c8726ab54cba436_0,
Mar,12,00:19,/home/corgi/.cache/chromium/Default/Cache/Cache_Data/94b9ad45cba5ece1_0,
Mar,12,00:19,/home/corgi/.cache/chromium/Default/Cache/Cache_Data/f9ea363bf910d950_0,
Mar,12,00:21,/home/corgi/.cache/chromium/Default/Cache/Cache_Data/e63c24d82a18cd4d_0,
Mar,12,00:20,/home/corgi/.cache/chromium/Default/Cache/Cache_Data/46e5eab1a0df38d5_0,
Mar,11,23:51,/home/corgi/.cache/chromium/Default/Cache/Cache_Data/f07e87d472c9d880_0,
Mar,12,00:46,/home/corgi/.cache/chromium/Default/Cache/Cache_Data/b55a2ff5d56c8591_0,
Mar,12,00:19,/home/corgi/.cache/chromium/Default/Cache/Cache_Data/a6fb819e96a75019_0,
Mar,12,00:22,/home/corgi/.cache/chromium/Default/Cache/Cache_Data/52a33605bbf83d86_0,
Mar,11,23:52,/home/corgi/.cache/chromium/Default/Cache/Cache_Data/4622040b68a05b10_0,
Mar,12,00:21,/home/corgi/.cache/chromium/Default/Cache/Cache_Data/f0f6f5c8ede21523_0,
Mar,12,00:46,/home/corgi/.cache/chromium/Default/Cache/Cache_Data/b853ef6f7acd6315_0,
Mar,12,00:19,/home/corgi/.cache/chromium/Default/Cache/Cache_Data/59a8586ce08d7bf8_0,
Mar,11,23:52,/home/corgi/.cache/chromium/Default/Cache/Cache_Data/2ff18916b160cf76_0,
Mar,12,00:16,/home/corgi/.cache/chromium/Default/Cache/Cache_Data/e705b8791bcabfa3_0,
Mar,12,00:19,/home/corgi/.cache/chromium/Default/Cache/Cache_Data/93d77b5c37f20840_0,
Mar,11,23:52,/home/corgi/.cache/chromium/Default/Cache/Cache_Data/2af39d42981e0889_0,
Mar,12,00:12,/home/corgi/.cache/chromium/Default/Cache/Cache_Data/9b2767f591246324_0,
Mar,12,00:19,/home/corgi/.cache/chromium/Default/Cache/Cache_Data/d2649cc96a82bcf8_0,
Mar,12,00:23,/home/corgi/.cache/chromium/Default/Cache/Cache_Data/2afb6024e2b0ff43_0,
Mar,12,00:16,/home/corgi/.cache/chromium/Default/Cache/Cache_Data/9661059c14d16254_0,
Mar,11,23:52,/home/corgi/.cache/chromium/Default/Cache/Cache_Data/221fc72f66035fae_0,
Mar,11,23:52,/home/corgi/.cache/chromium/Default/Cache/Cache_Data/823d1ceb2e4f865c_0,
Mar,12,00:21,/home/corgi/.cache/chromium/Default/Cache/Cache_Data/cfe04f97c04ad8db_0,
Mar,11,23:51,/home/corgi/.cache/chromium/Default/Cache/Cache_Data/23e644f4c16d439c_0,
Mar,12,00:20,/home/corgi/.cache/chromium/Default/Cache/Cache_Data/47d7e2c0852d5c19_0,
Mar,12,00:21,/home/corgi/.cache/chromium/Default/Cache/Cache_Data/60956387f8ee861c_0,
Mar,12,00:21,/home/corgi/.cache/chromium/Default/Cache/Cache_Data/0033dee398584bfa_0,
Mar,12,00:46,/home/corgi/.cache/chromium/Default/Cache/Cache_Data/69b78897c69780b9_0,
Mar,12,00:19,/home/corgi/.cache/chromium/Default/Cache/Cache_Data/39b3317d7184a1da_0,
Mar,12,00:46,/home/corgi/.cache/chromium/Default/Cache/Cache_Data/36164942b7066f66_0,
Mar,11,23:52,/home/corgi/.cache/chromium/Default/Cache/Cache_Data/31e643649399ad7b_0,
Mar,12,00:46,/home/corgi/.cache/chromium/Default/Cache/Cache_Data/98723a8900f033c4_0,
Mar,11,23:52,/home/corgi/.cache/chromium/Default/Cache/Cache_Data/eb7798ff2f6a8448_0,
Mar,12,00:19,/home/corgi/.cache/chromium/Default/Cache/Cache_Data/8bee70a5c40bee60_0,
Mar,12,00:19,/home/corgi/.cache/chromium/Default/Cache/Cache_Data/354673ef8736e7d4_0,
Mar,11,23:51,/home/corgi/.cache/chromium/Default/Cache/Cache_Data/cc0fa991200da502_0,
Mar,12,00:19,/home/corgi/.cache/chromium/Default/Cache/Cache_Data/7800ae5658399298_0,
Mar,12,00:19,/home/corgi/.cache/chromium/Default/Cache/Cache_Data/bbcfc64b869a0c4a_0,
Mar,12,00:20,/home/corgi/.cache/chromium/Default/Cache/Cache_Data/5a6acc5e7e598601_0,
Mar,12,00:23,/home/corgi/.cache/chromium/Default/Cache/Cache_Data/d9cc11910518932d_0,
Mar,12,00:21,/home/corgi/.cache/chromium/Default/Cache/Cache_Data/4e7efe0cc1ef3068_0,
Mar,12,00:23,/home/corgi/.cache/chromium/Default/Cache/Cache_Data/9c690c1ad11c5639_0,
Mar,12,00:08,/home/corgi/.cache/chromium/Default/Cache/Cache_Data/7592c33978ac2f58_0,
Mar,11,23:55,/home/corgi/.cache/chromium/Default/Cache/Cache_Data/3372bfc5ccf38d47_0,
Mar,12,00:46,/home/corgi/.cache/chromium/Default/Cache/Cache_Data/eda367bacc346a6e_0,
Mar,11,23:52,/home/corgi/.cache/chromium/Default/Cache/Cache_Data/9fb97bffe6c549c4_0,
Mar,12,00:16,/home/corgi/.cache/chromium/Default/Cache/Cache_Data/e33bdc63af60244c_0,
Mar,11,23:56,/home/corgi/.cache/chromium/Default/Cache/Cache_Data/d89871afa2e26b05_0,
Mar,11,23:57,/home/corgi/.cache/chromium/Default/Cache/Cache_Data/aa6fd2db5e21b278_0,
Mar,12,00:46,/home/corgi/.cache/chromium/Default/Cache/Cache_Data/15145040f7f12f31_0,
Mar,12,00:16,/home/corgi/.cache/chromium/Default/Cache/Cache_Data/b19e557f44db4e65_0,
Mar,11,23:48,/home/corgi/.cache/chromium/Default/Cache/Cache_Data/88182ed1a3c694d5_0,
Mar,12,00:23,/home/corgi/.cache/chromium/Default/Cache/Cache_Data/d6f4117126bd38f6_0,
Mar,12,00:19,/home/corgi/.cache/chromium/Default/Cache/Cache_Data/61c2bb5f26975ca2_0,
Mar,11,23:51,/home/corgi/.cache/chromium/Default/Cache/Cache_Data/13fb63f1092e2ccb_0,
Mar,12,00:20,/home/corgi/.cache/chromium/Default/Cache/Cache_Data/cd6c7c894ba55da5_0,
Mar,12,00:23,/home/corgi/.cache/chromium/Default/Cache/Cache_Data/52580d0dc608c81a_0,
Mar,12,00:21,/home/corgi/.cache/chromium/Default/Cache/Cache_Data/d28cd47795c4f972_0,
Mar,11,23:52,/home/corgi/.cache/chromium/Default/Cache/Cache_Data/59c2ffb94a478f53_0,
Mar,12,00:16,/home/corgi/.cache/chromium/Default/Cache/Cache_Data/3d531309bac10f5e_0,
Mar,12,00:19,/home/corgi/.cache/chromium/Default/Cache/Cache_Data/e979c80191b06a95_0,
Mar,12,00:21,/home/corgi/.cache/chromium/Default/Cache/Cache_Data/f59d957c3b951a54_0,
Mar,12,00:23,/home/corgi/.cache/chromium/Default/Cache/Cache_Data/8e6931592b848a30_0,
Mar,12,00:20,/home/corgi/.cache/chromium/Default/Cache/Cache_Data/75d25619c9a2f070_0,
Mar,12,00:16,/home/corgi/.cache/chromium/Default/Cache/Cache_Data/5c6574b2f80e8a96_0,
Mar,11,23:57,/home/corgi/.cache/chromium/Default/Cache/Cache_Data/5da207b03e172f39_0,
Mar,12,00:19,/home/corgi/.cache/chromium/Default/Cache/Cache_Data/85af0dd967fd9eef_0,
Mar,11,23:48,/home/corgi/.cache/chromium/Default/Cache/Cache_Data/c6f296f2141235aa_0,
Mar,12,00:21,/home/corgi/.cache/chromium/Default/Cache/Cache_Data/7926cd4521fb5d6c_0,
Mar,11,23:52,/home/corgi/.cache/chromium/Default/Cache/Cache_Data/997381ff4ea354d5_0,
Mar,12,00:21,/home/corgi/.cache/chromium/Default/Cache/Cache_Data/2cacc97950bf141f_0,
Mar,11,23:51,/home/corgi/.cache/chromium/Default/Cache/Cache_Data/4cd55ff41c134649_0,
Mar,12,00:21,/home/corgi/.cache/chromium/Default/Cache/Cache_Data/fad2c073c0ec3e42_0,
Mar,11,23:58,/home/corgi/.cache/chromium/Default/Cache/Cache_Data/af5d516cfefe4b85_0,
Mar,11,23:52,/home/corgi/.cache/chromium/Default/Cache/Cache_Data/0da08322bf9595f6_0,
Mar,12,00:21,/home/corgi/.cache/chromium/Default/Cache/Cache_Data/36dc20c3a108d4f8_0,
Mar,12,00:21,/home/corgi/.cache/chromium/Default/Cache/Cache_Data/8d5cf1621fecf36d_0,
Mar,11,23:48,/home/corgi/.cache/chromium/Default/Cache/Cache_Data/beb4c984003bd777_0,
Mar,11,23:56,/home/corgi/.cache/chromium/Default/Cache/Cache_Data/cb714aadc588679f_0,
Mar,12,00:21,/home/corgi/.cache/chromium/Default/Cache/Cache_Data/2d000258153550e9_0,
Mar,12,00:21,/home/corgi/.cache/chromium/Default/Cache/Cache_Data/83e871be0a00094b_0,
Mar,12,00:20,/home/corgi/.cache/chromium/Default/Cache/Cache_Data/6c258bea4be58d74_0,
Mar,11,23:52,/home/corgi/.cache/chromium/Default/Cache/Cache_Data/8bec36dfda987108_0,
Mar,12,00:47,/home/corgi/.viminfo,
Mar,11,23:58,/home/corgi/.bash_history,
Mar,12,00:26,/home/corgi/.lesshst,
Mar,12,00:32,/home/corgi/.config/chromium/Safe\,
Mar,12,00:32,/home/corgi/.config/chromium/Safe\,
Mar,12,00:32,/home/corgi/.config/chromium/Safe\,
Mar,12,00:32,/home/corgi/.config/chromium/Safe\,
Mar,12,00:32,/home/corgi/.config/chromium/Safe\,
Mar,12,00:32,/home/corgi/.config/chromium/Safe\,
Mar,12,00:32,/home/corgi/.config/chromium/Safe\,
Mar,12,00:32,/home/corgi/.config/chromium/Safe\,
Mar,12,00:32,/home/corgi/.config/chromium/Safe\,
Mar,12,00:32,/home/corgi/.config/chromium/Safe\,
Mar,11,23:58,/home/corgi/.config/chromium/GraphiteDawnCache/index,
Mar,12,00:42,/home/corgi/.config/chromium/GraphiteDawnCache/data_1,
Mar,12,00:17,/home/corgi/.config/chromium/Crash\,
Mar,12,00:46,/home/corgi/.config/chromium/segmentation_platform/ukm_db-wal,
Mar,11,23:58,/home/corgi/.config/chromium/first_party_sets.db,
Mar,11,23:58,/home/corgi/.config/chromium/Last\,
Mar,11,23:58,/home/corgi/.config/chromium/Variations,
Mar,11,23:58,/home/corgi/.config/chromium/first_party_sets.db-journal,
Mar,11,23:58,/home/corgi/.config/chromium/DeferredBrowserMetrics/BrowserMetrics-67D0A40A-FB0.pma,
Mar,12,00:17,/home/corgi/.config/chromium/DeferredBrowserMetrics/BrowserMetrics-67D0A871-119B.pma,
Mar,12,00:12,/home/corgi/.config/chromium/DeferredBrowserMetrics/BrowserMetrics-67D0A749-10DB.pma,
Mar,11,23:58,/home/corgi/.config/chromium/WidevineCdm/latest-component-updated-widevine-cdm,
Mar,12,00:46,/home/corgi/.config/chromium/Default/Web\,
Mar,12,00:46,/home/corgi/.config/chromium/Default/Favicons-journal,
Mar,12,00:46,/home/corgi/.config/chromium/Default/Session\,
Mar,12,00:46,/home/corgi/.config/chromium/Default/Session\,
Mar,11,23:56,/home/corgi/.config/chromium/Default/Session\,
Mar,12,00:46,/home/corgi/.config/chromium/Default/Session\,
Mar,12,00:46,/home/corgi/.config/chromium/Default/Session\,
Mar,11,23:57,/home/corgi/.config/chromium/Default/AutofillStrikeDatabase/LOG.old,
Mar,11,23:58,/home/corgi/.config/chromium/Default/AutofillStrikeDatabase/LOG,
Mar,12,00:46,/home/corgi/.config/chromium/Default/History-journal,
Mar,11,23:58,/home/corgi/.config/chromium/Default/SCT\,
Mar,12,00:02,/home/corgi/.config/chromium/Default/passkey_enclave_state,
Mar,11,23:57,/home/corgi/.config/chromium/Default/Download\,
Mar,11,23:58,/home/corgi/.config/chromium/Default/Download\,
Mar,11,23:56,/home/corgi/.config/chromium/Default/Service\,
Mar,11,23:58,/home/corgi/.config/chromium/Default/Service\,
Mar,11,23:58,/home/corgi/.config/chromium/Default/Service\,
Mar,12,00:46,/home/corgi/.config/chromium/Default/Web\,
Mar,12,00:46,/home/corgi/.config/chromium/Default/Visited\,
Mar,12,00:46,/home/corgi/.config/chromium/Default/Shortcuts,
Mar,11,23:56,/home/corgi/.config/chromium/Default/commerce_subscription_db/LOG.old,
Mar,11,23:58,/home/corgi/.config/chromium/Default/commerce_subscription_db/LOG,
Mar,11,23:58,/home/corgi/.config/chromium/Default/BrowsingTopicsState,
Mar,11,23:57,/home/corgi/.config/chromium/Default/optimization_guide_hint_cache_store/LOG.old,
Mar,11,23:58,/home/corgi/.config/chromium/Default/optimization_guide_hint_cache_store/LOG,
Mar,12,00:46,/home/corgi/.config/chromium/Default/Reporting\,
Mar,12,00:46,/home/corgi/.config/chromium/Default/Network\,
Mar,11,23:51,/home/corgi/.config/chromium/Default/Top\,
Mar,12,00:47,/home/corgi/.config/chromium/Default/Cookies-journal,
Mar,12,00:38,/home/corgi/.config/chromium/Default/TransportSecurity,
Mar,11,23:56,/home/corgi/.config/chromium/Default/PersistentOriginTrials/LOG.old,
Mar,11,23:58,/home/corgi/.config/chromium/Default/PersistentOriginTrials/LOG,
Mar,11,23:58,/home/corgi/.config/chromium/Default/GPUCache/data_0,
Mar,11,23:58,/home/corgi/.config/chromium/Default/GPUCache/index,
Mar,12,00:42,/home/corgi/.config/chromium/Default/GPUCache/data_1,
Mar,12,00:46,/home/corgi/.config/chromium/Default/DIPS-shm,
Mar,12,00:22,/home/corgi/.config/chromium/Default/Local\,
Mar,11,23:56,/home/corgi/.config/chromium/Default/Local\,
Mar,12,00:46,/home/corgi/.config/chromium/Default/Local\,
Mar,12,00:22,/home/corgi/.config/chromium/Default/Local\,
Mar,12,00:22,/home/corgi/.config/chromium/Default/Local\,
Mar,11,23:51,/home/corgi/.config/chromium/Default/Top\,
Mar,12,00:46,/home/corgi/.config/chromium/Default/Sessions/Session_13386200303680308,
Mar,12,00:46,/home/corgi/.config/chromium/Default/Sessions/Session_13386203202663440,
Mar,12,00:19,/home/corgi/.config/chromium/Default/Sessions/Tabs_13386200304061375,
Mar,11,23:57,/home/corgi/.config/chromium/Default/Sessions/Session_13386200192248834,
Mar,11,23:57,/home/corgi/.config/chromium/Default/Sessions/Tabs_13386200192512525,
Mar,11,23:56,/home/corgi/.config/chromium/Default/discounts_db/LOG.old,
Mar,11,23:58,/home/corgi/.config/chromium/Default/discounts_db/LOG,
Mar,12,00:46,/home/corgi/.config/chromium/Default/Network\,
Mar,12,00:46,/home/corgi/.config/chromium/Default/Network\,
Mar,12,00:46,/home/corgi/.config/chromium/Default/Reporting\,
Mar,12,00:21,/home/corgi/.config/chromium/Default/WebStorage/4/CacheStorage/index.txt,
Mar,12,00:19,/home/corgi/.config/chromium/Default/WebStorage/4/IndexedDB/indexeddb.leveldb/LOG,
Mar,12,00:31,/home/corgi/.config/chromium/Default/WebStorage/4/IndexedDB/indexeddb.leveldb/000004.log,
Mar,12,00:31,/home/corgi/.config/chromium/Default/WebStorage/QuotaManager,
Mar,12,00:31,/home/corgi/.config/chromium/Default/WebStorage/QuotaManager-journal,
Mar,11,23:56,/home/corgi/.config/chromium/Default/File\,
Mar,11,23:58,/home/corgi/.config/chromium/Default/File\,
Mar,11,23:57,/home/corgi/.config/chromium/Default/IndexedDB/https_vk.com_0.indexeddb.blob/8/00/c,
Mar,11,23:54,/home/corgi/.config/chromium/Default/IndexedDB/https_vk.com_0.indexeddb.leveldb/LOG.old,
Mar,11,23:57,/home/corgi/.config/chromium/Default/IndexedDB/https_vk.com_0.indexeddb.leveldb/000003.log,
Mar,11,23:56,/home/corgi/.config/chromium/Default/IndexedDB/https_vk.com_0.indexeddb.leveldb/LOG,
Mar,12,00:46,/home/corgi/.config/chromium/Default/DIPS-wal,
Mar,12,00:46,/home/corgi/.config/chromium/Default/Favicons,
Mar,11,23:56,/home/corgi/.config/chromium/Default/LOG.old,
Mar,12,00:23,/home/corgi/.config/chromium/Default/Shared\,
Mar,12,00:23,/home/corgi/.config/chromium/Default/Shared\,
Mar,12,00:20,/home/corgi/.config/chromium/Default/Shared\,
Mar,12,00:23,/home/corgi/.config/chromium/Default/Shared\,
Mar,12,00:23,/home/corgi/.config/chromium/Default/Shared\,
Mar,11,23:58,/home/corgi/.config/chromium/Default/DawnWebGPUCache/index,
Mar,12,00:42,/home/corgi/.config/chromium/Default/DawnWebGPUCache/data_1,
Mar,12,00:46,/home/corgi/.config/chromium/Default/Preferences,
Mar,11,23:56,/home/corgi/.config/chromium/Default/parcel_tracking_db/LOG.old,
Mar,11,23:58,/home/corgi/.config/chromium/Default/parcel_tracking_db/LOG,
Mar,11,23:56,/home/corgi/.config/chromium/Default/Sync\,
Mar,11,23:58,/home/corgi/.config/chromium/Default/Sync\,
Mar,11,23:56,/home/corgi/.config/chromium/Default/Extension\,
Mar,11,23:58,/home/corgi/.config/chromium/Default/Extension\,
Mar,11,23:56,/home/corgi/.config/chromium/Default/Segmentation\,
Mar,11,23:58,/home/corgi/.config/chromium/Default/Segmentation\,
Mar,11,23:56,/home/corgi/.config/chromium/Default/Segmentation\,
Mar,11,23:58,/home/corgi/.config/chromium/Default/Segmentation\,
Mar,11,23:56,/home/corgi/.config/chromium/Default/Segmentation\,
Mar,11,23:58,/home/corgi/.config/chromium/Default/Segmentation\,
Mar,11,23:57,/home/corgi/.config/chromium/Default/DIPS,
Mar,11,23:56,/home/corgi/.config/chromium/Default/chrome_cart_db/LOG.old,
Mar,11,23:58,/home/corgi/.config/chromium/Default/chrome_cart_db/LOG,
Mar,11,23:58,/home/corgi/.config/chromium/Default/trusted_vault.pb,
Mar,11,23:56,/home/corgi/.config/chromium/Default/ClientCertificates/LOG.old,
Mar,11,23:58,/home/corgi/.config/chromium/Default/ClientCertificates/LOG,
Mar,12,00:47,/home/corgi/.config/chromium/Default/Cookies,
Mar,12,00:46,/home/corgi/.config/chromium/Default/Shortcuts-journal,
Mar,11,23:56,/home/corgi/.config/chromium/Default/VideoDecodeStats/LOG.old,
Mar,12,00:19,/home/corgi/.config/chromium/Default/VideoDecodeStats/LOG,
Mar,11,23:57,/home/corgi/.config/chromium/Default/GCM\,
Mar,11,23:58,/home/corgi/.config/chromium/Default/GCM\,
Mar,12,00:46,/home/corgi/.config/chromium/Default/History,
Mar,11,23:56,/home/corgi/.config/chromium/Default/Site\,
Mar,12,00:23,/home/corgi/.config/chromium/Default/Site\,
Mar,11,23:58,/home/corgi/.config/chromium/Default/Site\,
Mar,11,23:57,/home/corgi/.config/chromium/Default/Feature\,
Mar,11,23:58,/home/corgi/.config/chromium/Default/Feature\,
Mar,11,23:57,/home/corgi/.config/chromium/Default/Feature\,
Mar,11,23:58,/home/corgi/.config/chromium/Default/Feature\,
Mar,11,23:56,/home/corgi/.config/chromium/Default/shared_proto_db/metadata/LOG.old,
Mar,11,23:58,/home/corgi/.config/chromium/Default/shared_proto_db/metadata/000003.log,
Mar,11,23:58,/home/corgi/.config/chromium/Default/shared_proto_db/metadata/LOG,
Mar,11,23:56,/home/corgi/.config/chromium/Default/shared_proto_db/LOG.old,
Mar,12,00:46,/home/corgi/.config/chromium/Default/shared_proto_db/000003.log,
Mar,11,23:58,/home/corgi/.config/chromium/Default/shared_proto_db/LOG,
Mar,11,23:58,/home/corgi/.config/chromium/Default/DawnGraphiteCache/index,
Mar,12,00:42,/home/corgi/.config/chromium/Default/DawnGraphiteCache/data_1,
Mar,11,23:58,/home/corgi/.config/chromium/Default/LOG,
Mar,11,23:57,/home/corgi/.config/chromium/Default/BudgetDatabase/LOG.old,
Mar,11,23:58,/home/corgi/.config/chromium/Default/BudgetDatabase/LOG,
Mar,11,23:58,/home/corgi/.config/chromium/Default/SharedStorage-wal,
Mar,11,23:58,/home/corgi/.config/chromium/GrShaderCache/index,
Mar,12,00:42,/home/corgi/.config/chromium/GrShaderCache/data_1,
Mar,12,00:46,/home/corgi/.config/chromium/Local\,
Mar,11,23:58,/home/corgi/.config/chromium/ShaderCache/index,
Mar,12,00:42,/home/corgi/.config/chromium/ShaderCache/data_1,
Mar,11,23:58,/home/corgi/.config/xfce4/help.rc,
Mar,11,23:58,/home/corgi/git-repositories/administration-of-information-systems-labs/lab4/assets/task1.png,
Mar,12,00:45,/home/corgi/git-repositories/administration-of-information-systems-labs/lab4/assets/task2.png,
Mar,12,00:47,/home/corgi/git-repositories/administration-of-information-systems-labs/lab4/task2.csv,
Mar,12,00:45,/home/corgi/git-repositories/administration-of-information-systems-labs/lab4/temp.data,
Mar,12,00:47,/home/corgi/git-repositories/administration-of-information-systems-labs/lab4/src/task2/main.sh,
Mar,12,00:14,/home/corgi/git-repositories/administration-of-information-systems-labs/lab4/src/task1/main.sh,
